trigger,data_policy,training_policy,replica,trajectory_index,start_frame,budget_frames,kl_ref_to_est,coverage,retrain_count,total_train_seconds,train_equivalent_frames,marginal_gain_sum,final_train_vamp2,final_validation_vamp2,final_epochs_run,test_vamp2,monitor_vamp2_mean,monitor_vamp2_std
Fixed-T,Full,Fixed-50ep,0,0,155209,25000,0.15847070501574756,0.3528645833333333,4,0.87975637500017,21590.27963695054,3.469764706177982e-05,0.28581613520443583,0.8385005581304665,50,0.22321705069628497,0.4236273324005274,0.2736752786013517
Fixed-T,Full,Fixed-200ep,0,0,57158,25000,0.9668879971541904,0.2769097222222222,4,6.187810786,151856.31955239075,6.045980694266343e-06,0.2448048931239647,0.28626857967626285,200,0.2717493873397892,0.2568036370767409,0.09639674681145914
Fixed-T,Full,EarlyStopping,0,0,109786,25000,0.94500126137151,0.2847222222222222,4,0.00810118899983081,198.8129223821778,0.0028516503735992165,0.44679619722881303,0.33747396147600534,1,0.4394048560185242,0.2527914185985551,0.10168191279794139
Fixed-T,Window-W,Fixed-50ep,0,0,39602,25000,0.9577339871837272,0.2786458333333333,4,0.5875605669998549,14419.443047706965,3.069596467701677e-05,0.22869583637250743,0.447452364346879,50,0.2912616612390168,0.2560731552765843,0.08707868125631754
Fixed-T,Window-W,Fixed-200ep,0,0,111556,25000,0.9485138185087169,0.2829861111111111,4,2.5010056029999532,61377.68577390379,8.081233363801611e-06,0.32671685951509877,0.04226138063898714,200,0.4401427055832509,0.23242031311088618,0.09940804629956802
Fixed-T,Window-W,EarlyStopping,0,0,108696,25000,0.9479385962783716,0.2838541666666667,4,0.007874086000128955,193.23954160394538,0.0029387330662810638,0.3282842683143091,0.296119548007179,1,0.4380643373068636,0.2709340336424769,0.09573701520577223
Fixed-T,Reweighted-Full,Fixed-50ep,0,0,176527,25000,0.15394474056014346,0.3524305555555556,4,0.9122690450001301,22388.179665856722,3.9864100480321454e-05,0.7588230693530034,0.3407599220369581,50,0.25766294468626144,0.37367506150194607,0.21025171017851832
Fixed-T,Reweighted-Full,Fixed-200ep,0,0,71559,25000,0.2198016419276357,0.3641493055555556,4,3.7669831929998736,92446.29858413289,8.748031993728552e-06,0.26094613363042546,1.0613948321479423,200,0.2575776041379679,0.32868247773211506,0.28188971421264253
Fixed-T,Reweighted-Full,EarlyStopping,0,0,171369,25000,0.16452899659969866,0.3576388888888889,4,0.012730442999895786,312.42038373402687,0.003399442941885578,0.17200345774572695,0.2653685215479982,1,0.2555024888686987,0.4576835329085663,0.2764773161349888
Fixed-T,Reweighted-Window,Fixed-50ep,0,0,17758,25000,0.17258377547430998,0.3146701388888889,4,0.6301229440000498,15463.974974454686,4.0094945893221e-05,0.26156109353248147,0.047588769916332326,50,0.2551507705527106,0.35767843980928776,0.2664499590874112
Fixed-T,Reweighted-Window,Fixed-200ep,0,0,217956,25000,0.21801109281496805,0.3038194444444444,4,2.5162008669999523,61750.59582973283,8.82495802610761e-06,0.26195144814706733,0.2845869365221687,200,0.7606717661006381,0.2832065363276142,0.1440448773636952
Fixed-T,Reweighted-Window,EarlyStopping,0,0,17030,25000,0.16732265324032125,0.3142361111111111,4,0.008678068999984134,212.9702514726,0.0031757225470366852,0.13153465615060395,0.2662443598933768,1,0.25490003348850315,0.35959483586960556,0.2615494203521397
Threshold-delta,Full,Fixed-50ep,0,0,106396,25000,0.9448699151715232,0.2873263888888889,1,0.34506687700002203,8468.356217229177,1.3758410194349752e-05,0.31756878642709996,0.155305551514119,50,0.4352554809824316,0.28644595309248727,0.09445227145400982
Threshold-delta,Full,Fixed-200ep,0,0,16767,25000,0.16832072355530103,0.3142361111111111,1,0.8487019359999977,20828.166350778316,7.158394223295419e-06,0.9103373119156877,0.12785467494374916,200,0.2574735701901368,0.36418694613588026,0.26440838677375733
Threshold-delta,Full,EarlyStopping,0,0,39270,25000,0.9579929329085496,0.2777777777777778,2,0.004450555999937933,109.22199748600792,0.0019404036441648266,0.3118611137954902,0.10451161439033341,1,0.2894212058481987,0.2561704668881678,0.08277918610266356
Threshold-delta,Window-W,Fixed-50ep,0,0,109075,25000,0.949558758655692,0.2829861111111111,3,0.3945723580000049,9683.280267482482,2.556335675924005e-05,0.32985115635975426,0.07487770251220983,50,0.4376765088705388,0.2653628071813746,0.10315360657337111
Threshold-delta,Window-W,Fixed-200ep,0,0,98473,25000,0.9590615164709635,0.2881944444444444,2,1.308391300999915,32109.496294512486,8.05093497409336e-06,0.32811176566033823,0.07834357232737682,200,0.48030279156840017,0.28178752476072594,0.09891219003740417
Threshold-delta,Window-W,EarlyStopping,0,0,79917,25000,0.20839503426732742,0.3693576388888889,3,0.011143488000129764,273.4745992079431,0.000989804433558902,0.36295333378431327,0.027098141438320664,1,0.2822333231485294,0.3430534218770894,0.28570166846291134
Threshold-delta,Reweighted-Full,Fixed-50ep,0,0,97563,25000,0.9415691576243463,0.2860243055555556,2,0.5119071870000198,12562.818104606546,2.378471108694087e-05,0.3459280624997633,0.15552993251977276,50,0.4886389665953613,0.28604658252475756,0.09766318053113925
Threshold-delta,Reweighted-Full,Fixed-200ep,0,0,126699,25000,0.1748897583748102,0.3159722222222222,3,1.7529398089999404,43019.25139564243,5.513150608925942e-06,0.3235058423920823,0.00024220805293195761,200,0.2192930214342655,0.32046828985331943,0.2105284928519582
Threshold-delta,Reweighted-Full,EarlyStopping,0,0,190398,25000,0.9804586875153144,0.2743055555555556,2,0.004943222999941099,121.31263825910129,0.0019938412198629006,0.32839685413338965,0.12089947166068171,1,0.2621296042070774,0.26625975971093846,0.09214855376506931
Threshold-delta,Reweighted-Window,Fixed-50ep,0,0,53997,25000,0.9472571979861597,0.2760416666666667,1,0.21160690700003215,5193.088024215794,2.6723802086336542e-05,0.3198199255444724,0.06913079549783119,50,0.28138771507766663,0.23822755919138516,0.09262693802255909
Threshold-delta,Reweighted-Window,Fixed-200ep,0,0,66177,25000,0.42893878961770215,0.2886284722222222,1,0.8314633960000037,20405.1118442025,7.727732830731539e-06,0.2741693629112283,0.027367586362252564,200,0.24723569793692124,0.23737124557325281,0.09527164227434955
Threshold-delta,Reweighted-Window,EarlyStopping,0,0,18630,25000,0.1676203657819474,0.3151041666666667,2,0.0051974740000559905,127.55226362180899,0.0028693005117388162,0.25179367253478563,0.07023474908982572,1,0.2548883601598777,0.35552214125910586,0.2698740503327569
ADWIN,Full,Fixed-50ep,0,0,86659,25000,0.2119435518787337,0.3741319444444444,0,0.06263706900006127,1537.1890147997253,0.0,0.017656359183869236,0.4334075868410277,50,0.28224720729978264,0.3882878347179236,0.25627910604930393
ADWIN,Full,Fixed-200ep,0,0,168721,25000,0.1605731224359313,0.3580729166666667,0,0.2607182269999839,6398.338889420966,0.0,0.2427684493683731,0.006577985914106769,200,0.24903368961539765,0.46008319236934414,0.272983215612532
ADWIN,Full,EarlyStopping,0,0,208239,25000,0.21710853292659157,0.3064236111111111,0,0.0015024489999859725,36.87190564540959,0.0,0.4774009952397171,0.32742127107420904,1,0.7762025553032359,0.273717709225616,0.19403590301591583
ADWIN,Window-W,Fixed-50ep,0,0,207471,25000,0.21503561591250714,0.3059895833333333,0,0.06301023299999997,1546.3469082098388,0.0,0.3543248211076953,0.5539155622131139,50,0.7725484388156264,0.28016249278334016,0.1908293557207928
ADWIN,Window-W,Fixed-200ep,0,0,12739,25000,0.17013010722467192,0.3159722222222222,0,0.2594288919999599,6366.697057673829,0.0,0.2786738335108222,0.2487186741690519,200,0.26236651814729156,0.3689903237722508,0.26003786485437297
ADWIN,Window-W,EarlyStopping,0,0,89911,25000,0.22121790023862972,0.3732638888888889,0,0.0022513810000646117,55.25159776273624,0.0,0.9691348193535381,0.023810547428686848,1,0.29024948469289047,0.3764007984807179,0.23386256290734908
ADWIN,Reweighted-Full,Fixed-50ep,0,0,215942,25000,0.2186434715021912,0.3042534722222222,0,0.06308837599999606,1548.2646314222288,0.0,0.09270925751885582,0.24398584154280478,50,0.7742053634547453,0.30103412318026146,0.17068843084981752
ADWIN,Reweighted-Full,Fixed-200ep,0,0,112695,25000,0.9461596440374406,0.2816840277777778,0,0.2724077400000624,6685.213598901092,0.0,0.28466683222171824,0.04281816654211117,200,0.44075505628307693,0.22980698083119577,0.09568694994650694
ADWIN,Reweighted-Full,EarlyStopping,0,0,50374,25000,0.947432911067615,0.2764756944444444,0,0.0020395260000896087,50.05242123850181,0.0,0.3179155181501218,0.4847112543533229,1,0.2876013808576329,0.23671038278082573,0.09123204377148252
ADWIN,Reweighted-Window,Fixed-50ep,0,0,125638,25000,0.17658832488206147,0.3159722222222222,0,0.08915505599998141,2187.9723123202284,0.0,0.31365065523386354,0.1892002856185118,50,0.22109737871230725,0.3259470172452436,0.20984117702437446
ADWIN,Reweighted-Window,Fixed-200ep,0,0,202450,25000,0.22123858764222995,0.3090277777777778,0,0.27304085599996597,6700.751027067547,0.0,0.06964697432483437,0.30576557722627146,200,0.7596685260326319,0.2836372723711176,0.18659579242777383
ADWIN,Reweighted-Window,EarlyStopping,0,0,142893,25000,0.18575434065633586,0.3151041666666667,0,0.001526447000060216,37.46084543266647,0.0,0.9675221031412262,0.27576686772459474,1,0.23923677034539936,0.3033002782963286,0.11410368851422405
Fixed-T,Full,Fixed-50ep,1,1,182121,25000,0.9743699409783264,0.2769097222222222,4,0.8676401790000909,21292.933613424702,2.6671892217766654e-05,0.21716991787897577,0.2983634734602122,50,0.26525778272977163,0.2339341943248399,0.104327791493653
Fixed-T,Full,Fixed-200ep,1,1,55374,25000,0.9577445032078225,0.2825520833333333,4,4.596119477000116,112794.30030074883,5.2076630980056e-06,0.28073382448138584,0.2598693358056605,200,0.29653698046898713,0.2722030290033713,0.08737102685628043
Fixed-T,Full,EarlyStopping,1,1,80794,25000,0.972224760761163,0.2825520833333333,4,0.00798812499988344,196.03819582707274,0.002766995526343294,0.25233323945205793,0.38193597298551635,1,0.7814512954081556,0.28208884874859125,0.08365733659601517
Fixed-T,Window-W,Fixed-50ep,1,1,44453,25000,0.9692239964056198,0.2799479166666667,4,0.6016625629998771,14765.522991804644,2.9077886552182747e-05,0.3487141117504731,0.266190725035529,50,0.2552184696201492,0.27444532678774575,0.07874019061995292
Fixed-T,Window-W,Fixed-200ep,1,1,72403,25000,0.9713612929986166,0.2769097222222222,4,2.359303333000071,57900.141624834636,7.471765675275568e-06,0.22888500621758237,0.19382905909949505,200,0.5467308243953047,0.24154627807510923,0.0584423246551376
Fixed-T,Window-W,EarlyStopping,1,1,222220,25000,0.18724199394665464,0.3641493055555556,4,0.007693268000025455,188.80205038868937,0.00423771157370669,0.15393948936462495,0.09021033056128622,1,0.24446077398355273,0.32151999356794225,0.2874235466303303
Fixed-T,Reweighted-Full,Fixed-50ep,1,1,83093,25000,0.9477033137595942,0.2829861111111111,4,0.9004647540000406,22098.488166198284,2.8498683339421605e-05,0.2842325841065316,0.34688963505939396,50,0.8466935696502322,0.2831626004200219,0.07929887148528425
Fixed-T,Reweighted-Full,Fixed-200ep,1,1,179733,25000,0.9559961535978692,0.2799479166666667,4,3.778716298999825,92734.24311826473,6.400829696087059e-06,0.2473769675101463,0.20362628922083048,200,0.2744270366978579,0.23428590330751967,0.10688507240516314
Fixed-T,Reweighted-Full,EarlyStopping,1,1,130291,25000,0.9573013669647175,0.2786458333333333,4,0.014094447000047694,345.894682558168,0.0018216080280088428,0.20864354282033376,0.26103651781637716,1,0.3384766567367574,0.24217130796776692,0.08124600352817517
Fixed-T,Reweighted-Window,Fixed-50ep,1,1,204437,25000,0.17789262956752036,0.36328125,4,0.6137395729998616,15061.907343754197,5.8093230202150495e-05,0.5236906370005967,0.001443094912119142,50,0.2467787009681498,0.32273143466697873,0.2737163319570865
Fixed-T,Reweighted-Window,Fixed-200ep,1,1,76559,25000,0.953676945342651,0.2769097222222222,4,2.4502814790000684,60132.854758616566,7.865755058221432e-06,0.24306544680012632,0.48465167449651964,200,0.7251229077418767,0.26887380708025094,0.07705579546473157
Fixed-T,Reweighted-Window,EarlyStopping,1,1,175009,25000,0.9460923834165886,0.2821180555555556,4,0.00874395400001049,214.58714862148312,0.0024891388972371814,0.19291536945504487,0.19439633586749777,1,0.2930826706043047,0.23656740693138958,0.09634472764834133
Threshold-delta,Full,Fixed-50ep,1,1,183280,25000,0.979699498551533,0.2760416666666667,1,0.21825106899996172,5356.143751469434,7.770059814389163e-06,0.180516832669285,0.010240009051261321,50,0.2707498233278598,0.23550758000270317,0.10637516735854519
Threshold-delta,Full,Fixed-200ep,1,1,9115,25000,0.9586897062295308,0.2795138888888889,2,1.8701929619999191,45896.784805483534,5.62086168175456e-06,0.2697084236018817,0.3170399979423292,200,0.268503982491382,0.2601545829795031,0.07906818324623807
Threshold-delta,Full,EarlyStopping,1,1,77683,25000,0.971422799237415,0.2786458333333333,2,0.004560992999813607,111.9322542995277,0.0010901949896119365,0.3547050026771972,0.14603466076512833,1,0.7213015079275993,0.27339936271675946,0.08252272998951138
Threshold-delta,Window-W,Fixed-50ep,1,1,50801,25000,0.9776214075938076,0.2799479166666667,1,0.19043334000002687,4673.463221904206,1.8800401733358188e-05,0.268128360623564,0.1761370883358046,50,0.2755455162844786,0.2713563217808426,0.08210576591808043
Threshold-delta,Window-W,Fixed-200ep,1,1,81146,25000,0.9701961445182582,0.2829861111111111,1,0.7908440219998738,19408.263548172235,5.645758749368363e-06,0.2504566828025837,0.17963105044001249,200,0.8117754430511932,0.28310097420432057,0.07822476605233167
Threshold-delta,Window-W,EarlyStopping,1,1,9151,25000,0.9587222666320135,0.2795138888888889,2,0.006453048000025774,158.3655598189828,0.00186797180187395,0.2246567040280231,0.09399572205280382,1,0.268423765117555,0.26024107033740573,0.07992952001050424
Threshold-delta,Reweighted-Full,Fixed-50ep,1,1,64903,25000,0.9572322588264273,0.27734375,1,0.17576155099993684,4313.399872222633,1.6619331076048316e-05,0.2412536175681788,0.10507419606796879,50,0.3053018279459205,0.24592902634149114,0.06736465607135297
Threshold-delta,Reweighted-Full,Fixed-200ep,1,1,20107,25000,0.9579157509009212,0.2777777777777778,2,2.067987775000006,50750.90742938539,4.708857065655974e-06,0.2731585980597785,0.14193861899692903,200,0.21449110479031927,0.21643914116265908,0.10062544273104405
Threshold-delta,Reweighted-Full,EarlyStopping,1,1,204222,25000,0.1779783161569403,0.36328125,4,0.008307917999900383,203.88630070304345,0.004125063589661987,0.3946261382740727,1.0101485890433926,1,0.24110269480305319,0.33613506989142417,0.27724090689308994
Threshold-delta,Reweighted-Window,Fixed-50ep,1,1,170654,25000,0.941029518967205,0.2838541666666667,1,0.1414016809999339,3470.167333453945,1.022450966099402e-05,0.28218995605198305,0.037480775132653375,50,0.27457324454078513,0.2515541548651192,0.0821435407157471
Threshold-delta,Reweighted-Window,Fixed-200ep,1,1,49953,25000,0.9579269659579036,0.2808159722222222,2,1.191780999999878,29247.739245989495,5.608505672121572e-06,0.30668759207012913,0.11158698487489757,200,0.28219931698796163,0.2701062840709622,0.08339410381633247
Threshold-delta,Reweighted-Window,EarlyStopping,1,1,176030,25000,0.9436250865201652,0.2816840277777778,3,0.0072709250001707915,178.43724516682443,0.0027528785258624003,0.3725454707531078,0.005158159521512986,1,0.2855645990214335,0.2387724003243092,0.09732741949718245
ADWIN,Full,Fixed-50ep,1,1,58372,25000,0.9597073836360333,0.2821180555555556,0,0.062429188999999496,1532.0873895545974,0.0,0.18336359560228987,0.33433919496238096,50,0.3017345075116738,0.2724423001819109,0.08802665645290089
ADWIN,Full,Fixed-200ep,1,1,52076,25000,0.9714270591831639,0.2816840277777778,0,0.25997736200008603,6380.1571711912775,0.0,0.09634567404907751,0.42890273821394775,200,0.2743675680471609,0.27159474237477577,0.08787894709684645
ADWIN,Full,EarlyStopping,1,1,129011,25000,0.9646329964008444,0.2803819444444444,0,0.0014283709999745042,35.05394242213279,0.0,0.2818566964815949,0.022161126758662424,1,0.33491627662842777,0.23363952306000216,0.07215739834024767
ADWIN,Window-W,Fixed-50ep,1,1,57146,25000,0.9582742856744506,0.2816840277777778,0,0.08715322299997297,2138.8449226418647,0.0,0.19384063534476362,0.04513871624207888,50,0.2997772352989134,0.2694324712403529,0.09109008112694593
ADWIN,Window-W,Fixed-200ep,1,1,101641,25000,0.1151629690907072,0.3450520833333333,0,0.2555868480000072,6272.408676601932,0.0,0.32666114678574915,0.2035348999487589,200,0.7359924719850617,0.3343503286997697,0.19689594192601184
ADWIN,Window-W,EarlyStopping,1,1,131992,25000,0.9555639294931016,0.2821180555555556,0,0.0015413920000355574,37.82761370830616,0.0,0.16278442895627376,0.060491925513918396,1,0.3336436025521319,0.23973700391156533,0.07616790578847545
ADWIN,Reweighted-Full,Fixed-50ep,1,1,158724,25000,0.9504071678993813,0.2842881944444444,0,0.06262045100004343,1536.7811890907135,0.0,0.18791913847653188,0.005781773629881723,50,0.7134859486173944,0.23906068385823295,0.07804477881908392
ADWIN,Reweighted-Full,Fixed-200ep,1,1,76019,25000,0.9597884524421709,0.2760416666666667,0,0.25699233800003185,6306.901091763418,0.0,0.1862128857034188,0.031047209714870183,200,0.722614410532405,0.26562179226179117,0.0761027256579343
ADWIN,Reweighted-Full,EarlyStopping,1,1,213407,25000,0.1868158273006051,0.3624131944444444,0,0.001568334000012328,38.488802794292695,0.0,0.26139050476049686,0.3688781605690873,1,0.2470116445302204,0.3121475702441576,0.2777645027108291
ADWIN,Reweighted-Window,Fixed-50ep,1,1,17941,25000,0.9585549433050126,0.2760416666666667,0,0.07308281300004182,1793.5401369789022,0.0,0.3977592465275003,0.08538734212701961,50,0.25437131431029153,0.21608986021502957,0.09883884056380708
ADWIN,Reweighted-Window,Fixed-200ep,1,1,48856,25000,0.9520952169273258,0.2808159722222222,0,0.27324758099996416,6705.824307221849,0.0,0.3032108031917835,0.20329476875363883,200,0.27357631603729343,0.27331484133991735,0.0826765957006137
ADWIN,Reweighted-Window,EarlyStopping,1,1,88033,25000,0.9339387920726502,0.2868923611111111,0,0.0016879180000159977,41.42353799320936,0.0,0.19428118546907683,0.3061163552484532,1,0.8205516197549975,0.27296586867432415,0.08636773867526015
Fixed-T,Full,Fixed-50ep,2,2,35463,25000,0.9653499954560353,0.2760416666666667,4,0.8844767279999814,21706.12277733248,2.8598233119418327e-05,0.22266329190417578,0.2822315458856572,50,0.2541494356388821,0.22064846439544203,0.10272464506717857
Fixed-T,Full,Fixed-200ep,2,2,82104,25000,0.20388270228031663,0.3680555555555556,4,4.615673054000126,113274.16859989334,8.668700275691147e-06,0.7869685873001733,0.22893887684697292,200,0.8787086536271436,0.4204924418779936,0.28394204615500473
Fixed-T,Full,EarlyStopping,2,2,142960,25000,0.167088256054089,0.3572048611111111,4,0.008346442000174648,204.83172600746954,0.0034390718986800225,0.07675242848139861,0.19702384765450523,1,0.3893529267996991,0.2876908242175266,0.19868592741622215
Fixed-T,Window-W,Fixed-50ep,2,2,152931,25000,0.1904380403516584,0.359375,4,0.5811365209999622,14261.789231855626,5.909947344491087e-05,0.8383496920259761,0.3178397522964342,50,0.5297034487641737,0.31344369931664245,0.24971251813376186
Fixed-T,Window-W,Fixed-200ep,2,2,121714,25000,0.18374460766231143,0.3541666666666667,4,2.2946680949999063,56313.915139321376,1.473647173892673e-05,0.5863422559852178,0.05067983991110786,200,0.35222391086449334,0.37909994686754367,0.3052260942422459
Fixed-T,Window-W,EarlyStopping,2,2,14832,25000,0.9622018113266921,0.2803819444444444,4,0.012230253000097946,300.1451194971073,0.0017039547069327113,0.22806724500151204,0.2256548390550959,1,0.5017080775798048,0.2469920304016824,0.08979901005111997
Fixed-T,Reweighted-Full,Fixed-50ep,2,2,21422,25000,0.9879365275133974,0.2760416666666667,4,0.9207369569999173,22595.99241176204,3.5953273266045635e-05,0.2350421004562021,0.2131574575231578,50,0.3751595617251397,0.21163540606801276,0.08938723005462712
Fixed-T,Reweighted-Full,Fixed-200ep,2,2,56760,25000,0.302148901823242,0.2986111111111111,4,3.842550765000169,94300.81769571247,7.913123056669162e-06,0.27795495285256155,0.30565418784979875,200,0.2631858605400824,0.29091679064001613,0.10684344418145583
Fixed-T,Reweighted-Full,EarlyStopping,2,2,130065,25000,0.17125389374127253,0.3272569444444444,4,0.013085864999993646,321.14286712749544,0.0024200705592935796,0.24696157998976467,0.39785727967439904,1,0.3530292430343279,0.3041832638398661,0.18311640499464696
Fixed-T,Reweighted-Window,Fixed-50ep,2,2,99865,25000,0.16967525259411195,0.3402777777777778,4,0.6198633349997635,15212.191829056153,5.673689385538169e-05,0.2893910671100329,0.09112317745887441,50,0.29628694016397306,0.3208930907205114,0.27965451760217397
Fixed-T,Reweighted-Window,Fixed-200ep,2,2,137066,25000,0.19675472929849197,0.3255208333333333,4,2.4778279329996167,60808.8778733755,1.0990226314958317e-05,0.2514339122819758,0.0703890328627854,200,0.38529069360919466,0.2795582135848305,0.19096462777000206
Fixed-T,Reweighted-Window,EarlyStopping,2,2,8362,25000,0.9484360304756445,0.2825520833333333,4,0.008346378000169352,204.83015537035868,0.002620089820055188,0.22122040794737965,0.1774790659135129,1,0.5196885277944154,0.25345323627549265,0.09601121721303886
Threshold-delta,Full,Fixed-50ep,2,2,159028,25000,0.1876976659228793,0.3559027777777778,1,0.20382318500014662,5002.066123870052,4.069207881635461e-05,0.44059198043408226,0.012685643573143012,50,0.7638128411332901,0.3106946787033305,0.23713138334609626
Threshold-delta,Full,Fixed-200ep,2,2,206150,25000,0.9402710253882697,0.2825520833333333,2,0.9462660169999708,23222.50625119803,3.6003387731973883e-06,0.2631617195280518,0.08529622487552424,200,0.31934076365498876,0.232870963554256,0.05709202327796597
Threshold-delta,Full,EarlyStopping,2,2,100118,25000,0.16284156333430402,0.3407118055555556,1,0.0037741899998309236,92.62316229230645,0.003988528887562297,0.17377221179518965,0.1206886050562742,1,0.29414326781040795,0.3251667068294957,0.282957957842395
Threshold-delta,Window-W,Fixed-50ep,2,2,77229,25000,0.16313572196768242,0.3537326388888889,4,0.4882264099999247,11981.663353153655,2.395192483594349e-05,0.3948995782218048,0.20083380028879483,50,0.8835453620335176,0.3891295738808185,0.2317408309305235
Threshold-delta,Window-W,Fixed-200ep,2,2,47889,25000,0.9606057041296313,0.2808159722222222,1,0.7421551699999327,18213.38055584311,5.479476859548964e-06,0.2933596696652194,0.10352127130713137,200,0.22559140441196296,0.26051676959177456,0.08407206636207311
Threshold-delta,Window-W,EarlyStopping,2,2,190605,25000,0.9599345013570959,0.2816840277777778,1,0.003341506999959165,82.00460103279401,0.0024070609489709655,0.15447626799548417,0.045281680388036816,1,0.2712977527393457,0.2302892492201625,0.09957248691210195
Threshold-delta,Reweighted-Full,Fixed-50ep,2,2,145066,25000,0.1566623953226841,0.36328125,2,0.3726279299999078,9144.737609016458,1.8014853805075005e-05,0.3652953746505054,0.05972717653236295,50,0.2826560616480747,0.32406878271829326,0.23943280363403774
Threshold-delta,Reweighted-Full,Fixed-200ep,2,2,162978,25000,0.1622509681410909,0.3559027777777778,1,0.6879792290001205,16883.83779944006,8.856982614018457e-06,0.9534155044865814,0.006282559335432632,200,0.7686583136369627,0.3498044608608456,0.231803159158639
Threshold-delta,Reweighted-Full,EarlyStopping,2,2,113564,25000,0.1747358965213062,0.3407118055555556,1,0.003399970999907964,83.43937791359694,0.0036098629387364654,0.12305718110080244,0.8987187248407636,1,0.24592821838191495,0.37165587699172703,0.26246645279826714
Threshold-delta,Reweighted-Window,Fixed-50ep,2,2,101492,25000,0.17417039832943504,0.3454861111111111,1,0.20689020199984043,5077.334410132437,4.680866138968314e-05,0.9111185769968128,0.057596824007882845,50,0.3021508779281641,0.35845870321484236,0.30742927781762625
Threshold-delta,Reweighted-Window,Fixed-200ep,2,2,18989,25000,0.9746622534841974,0.2769097222222222,2,0.9675416400002632,23744.635630512345,2.6498355064662225e-06,0.28420580135708323,0.1517244672437839,200,0.5041806708353439,0.22351786689501787,0.07580251781694695
Threshold-delta,Reweighted-Window,EarlyStopping,2,2,219267,25000,0.9500827430207875,0.2786458333333333,1,0.002926776000094833,71.82660344660852,0.0006240861078389105,0.3098818574402964,0.19538389664973163,1,0.2857000242186463,0.2396605588394845,0.05329913764335578
ADWIN,Full,Fixed-50ep,2,2,178117,25000,0.9668501724808155,0.2795138888888889,0,0.06351825799993094,1558.8144527741727,0.0,0.1568857878041763,0.2302054034608861,50,0.5781358550805448,0.27934407927675386,0.10138307050254812
ADWIN,Full,Fixed-200ep,2,2,182385,25000,0.9646377480683924,0.2777777777777778,0,0.24937979599985738,6120.080154510459,0.0,0.2722611654775282,0.5599883427057512,200,0.28132402849842625,0.25307344839059914,0.10688805504316819
ADWIN,Full,EarlyStopping,2,2,170917,25000,0.9786442311065418,0.2756076388888889,0,0.0015602930000113702,38.2914669823398,0.0,0.2483575672017965,0.023764181323117726,1,0.7614382798746591,0.2666178470766929,0.08220730374873324
ADWIN,Window-W,Fixed-50ep,2,2,50073,25000,0.9617728679754945,0.2808159722222222,0,0.06174640199992609,1515.3309752983705,0.0,0.252872169022975,0.353014580421668,50,0.2460391735004063,0.2716745617501291,0.09016817717480924
ADWIN,Window-W,Fixed-200ep,2,2,31113,25000,0.9622636567282424,0.2782118055555556,0,0.34216080999999576,8397.03783755359,0.0,0.19320187142965287,0.1553008714685484,200,0.23992217866537946,0.21481011232733047,0.09438791947722647
ADWIN,Window-W,EarlyStopping,2,2,33579,25000,0.9677394929272041,0.2751736111111111,0,0.0015147980000165262,37.17496495986618,0.0,0.29420027856514186,0.32528454398784346,1,0.24437939526279182,0.22512525434170813,0.10238958116445948
ADWIN,Reweighted-Full,Fixed-50ep,2,2,149055,25000,0.1769065445402448,0.3606770833333333,0,0.07429884400016817,1823.3830003965427,0.0,0.3210876935756563,0.5059466469919391,50,0.27543473818087555,0.30714760612400377,0.241113181097165
ADWIN,Reweighted-Full,Fixed-200ep,2,2,185627,25000,0.9557654875265006,0.2769097222222222,0,0.26642003199981446,6538.268042400027,0.0,0.2793118978641253,0.2744865837501747,200,0.3066233831334801,0.23558161197751123,0.1034389144419861
ADWIN,Reweighted-Full,EarlyStopping,2,2,95900,25000,0.2297089048098448,0.3585069444444444,0,0.001898276000019905,46.58597633752158,0.0,0.9376702314871398,0.0017078883321663576,1,0.3053388403720763,0.3811753453862386,0.3109978066446877
ADWIN,Reweighted-Window,Fixed-50ep,2,2,79604,25000,0.1402688150856429,0.3563368055555556,0,0.06492230200001359,1593.2713813577946,0.0,0.3695187230910261,0.3617338184715169,50,0.8732912905247019,0.3670378344052339,0.22687045366045822
ADWIN,Reweighted-Window,Fixed-200ep,2,2,200633,25000,0.9531602010991939,0.2799479166666667,0,0.4062045329999364,9968.747833471325,0.0,0.10367415336069921,0.006313984551923757,200,0.284204257565542,0.2232842389874143,0.0767314590314965
ADWIN,Reweighted-Window,EarlyStopping,2,2,76892,25000,0.1567380417176284,0.3528645833333333,0,0.0015168869999797607,37.226231531668866,0.0,0.5158893795027911,0.4825407741058634,1,0.8728273916802418,0.3842309253914773,0.22562627854745465
Fixed-T,Full,Fixed-50ep,3,0,50165,25000,0.9634074365561871,0.2764756944444444,4,0.8725372799999604,21413.114362325276,2.8497547462255347e-05,0.2556264306258451,0.2066279773187775,50,0.286279658133883,0.23805985670824564,0.09126840804455581
Fixed-T,Full,Fixed-200ep,3,0,32092,25000,0.961722073258294,0.2786458333333333,4,3.5407674279997536,86894.69161267068,9.322368862160125e-06,0.2296397477722611,0.29445461990964034,200,0.2471975716493055,0.24164294246551946,0.07680739254265595
Fixed-T,Full,EarlyStopping,3,0,119210,25000,0.1734364619802115,0.31640625,4,0.009782009999753427,240.06229145663445,0.00233173504340548,0.1414294602252253,0.2973480146424241,1,0.3553703814968803,0.276164894685157,0.1642205158607529
Fixed-T,Window-W,Fixed-50ep,3,0,186337,25000,1.0004017929110647,0.2751736111111111,4,0.5744291039998188,14097.181150811937,3.45543279614094e-05,0.22042375700699227,0.3028964024274803,50,0.2363850583427079,0.2884577493057487,0.08134226785419725
Fixed-T,Window-W,Fixed-200ep,3,0,146321,25000,0.9800897545811073,0.2777777777777778,4,2.3427005020000706,57492.68818176642,7.975670998775239e-06,0.2722790108553335,0.3859007915728174,200,0.22819038182456028,0.28341124935991435,0.06065727716150167
Fixed-T,Window-W,EarlyStopping,3,0,184769,25000,0.9901360731948947,0.2769097222222222,4,0.008948922999934439,219.61733442180005,0.0023471829210260217,0.24784408447735012,0.2364692251183796,1,0.2424541867761649,0.28282334909644585,0.07440347071089658
Fixed-T,Reweighted-Full,Fixed-50ep,3,0,217642,25000,0.2207902140694649,0.3042534722222222,4,1.3584731570001622,33338.565280551506,2.060033313813937e-05,0.33201664256951524,0.2918513719468447,50,0.766135882941553,0.29348546516362395,0.16453161434523395
Fixed-T,Reweighted-Full,Fixed-200ep,3,0,55480,25000,0.9464601410783219,0.27734375,4,3.741262461999895,91815.08090781176,6.579086083616393e-06,0.2202477485129061,0.26305940415331225,200,0.2793875783456842,0.25123078202280746,0.09298075439981104
Fixed-T,Reweighted-Full,EarlyStopping,3,0,177248,25000,0.16244570202947883,0.3524305555555556,4,0.01111969199973828,272.89061673587173,0.00304408797607684,0.8641004238717289,0.35842741541721473,1,0.2615687322501827,0.3489126081585796,0.1830965954128968
Fixed-T,Reweighted-Window,Fixed-50ep,3,0,152399,25000,0.17520892504570112,0.3185763888888889,4,0.6892248179999569,16914.406051723738,2.764917235457551e-05,0.3040353068345833,0.2214884497962064,50,0.23268266659403655,0.3412227263429136,0.1903073307302253
Fixed-T,Reweighted-Window,Fixed-200ep,3,0,7357,25000,0.1654320570307545,0.3220486111111111,4,2.517600049999828,61784.93346352444,1.0535712723593458e-05,0.7040355632822898,0.3270945239741719,200,0.2709344135970543,0.38305004907607726,0.24902885148806442
Fixed-T,Reweighted-Window,EarlyStopping,3,0,116698,25000,0.9381682220428426,0.2834201388888889,4,0.009238533999905485,226.72473671292929,0.0026784208665394235,0.20370313642676052,0.29671893526751114,1,0.41096076094775413,0.2489421814117185,0.09492246626546685
Threshold-delta,Full,Fixed-50ep,3,0,16932,25000,0.16825464209136665,0.3142361111111111,3,0.7237294960000327,17761.19235299314,3.423450368708202e-05,0.5805568453505625,0.26089420852923195,50,0.257116696672649,0.3591023568163776,0.26266279893911404
Threshold-delta,Full,Fixed-200ep,3,0,102189,25000,0.944084663999324,0.2903645833333333,1,0.8192699480000556,20105.869963679106,4.732869915586268e-06,0.3495295299690578,0.18220854204184964,200,0.4528075816571516,0.2904832789432645,0.09918725390536019
Threshold-delta,Full,EarlyStopping,3,0,75620,25000,0.23114799332726751,0.3650173611111111,1,0.0029032340000867407,71.24885444946405,0.0019754007075146914,0.23781206549842154,0.057919792689272005,1,0.26569521232006954,0.33232459200805864,0.27373222484170734
Threshold-delta,Window-W,Fixed-50ep,3,0,164603,25000,0.1652551478583092,0.3550347222222222,1,0.18357059000004483,4505.043082205797,1.9149418622626986e-05,0.2777477745082118,0.1431244329887238,50,0.24205554466726834,0.46324802805430304,0.28045901729735817
Threshold-delta,Window-W,Fixed-200ep,3,0,27450,25000,0.9707541284021489,0.2777777777777778,3,1.5390632209998785,37770.462669653025,9.733245149709785e-06,0.23707220980331878,0.05452493494520248,200,0.267710630951317,0.23841526274509406,0.08517825027056929
Threshold-delta,Window-W,EarlyStopping,3,0,151985,25000,0.17405701015950298,0.3190104166666667,1,0.0030869009999605623,75.7562635459367,0.002497093522142139,0.23282481676454722,0.11699157962988016,1,0.23165912027838606,0.33934528065531383,0.1927731387305323
Threshold-delta,Reweighted-Full,Fixed-50ep,3,0,148605,25000,0.9631499835962322,0.2760416666666667,2,0.6807949389999521,16707.526681380186,1.7518916960442165e-05,0.2719490083892166,0.2564039416994029,50,0.22817618158051683,0.276410595248644,0.057632770716400945
Threshold-delta,Reweighted-Full,Fixed-200ep,3,0,169105,25000,0.15421574975035818,0.3585069444444444,1,0.6435809000001882,15794.24940228672,2.80563519566709e-06,0.2742939132494472,0.329136137279973,200,0.2514620072544316,0.45718047578231724,0.28296857418561583
Threshold-delta,Reweighted-Full,EarlyStopping,3,0,131229,25000,0.1670578025233037,0.3168402777777778,0,0.001527414000065619,37.48457677593247,0.0,0.11683834155503874,0.00940075232988514,1,0.24741206203279792,0.31214706104867085,0.21076442048893476
Threshold-delta,Reweighted-Window,Fixed-50ep,3,0,35861,25000,0.9446786549102062,0.2777777777777778,2,0.24914915499994095,6114.419946951359,1.0070724973591102e-05,0.2931394365435682,0.002970111923121911,50,0.25643231447162834,0.24065352421520525,0.08149957959699715
Threshold-delta,Reweighted-Window,Fixed-200ep,3,0,18575,25000,0.16614596237965334,0.3151041666666667,2,1.3970898319998923,34286.26493421216,8.615373458068167e-06,0.277225713467945,0.052875682423698105,200,0.2572514165178889,0.3526401884532036,0.26734111130332827
Threshold-delta,Reweighted-Window,EarlyStopping,3,0,42920,25000,0.9369981947782705,0.2790798611111111,2,0.006448846999774105,158.26246221973162,0.0010435905053463512,0.3091735550836485,0.1483568913823466,1,0.28445181603197006,0.23706419892472438,0.09648450626676107
ADWIN,Full,Fixed-50ep,3,0,212150,25000,0.20951383728698159,0.3068576388888889,0,0.06380828299984387,1565.932015121846,0.0,0.20687033966892104,0.026902390802056475,50,0.7742023518428633,0.2818401370291954,0.19272705776723187
ADWIN,Full,Fixed-200ep,3,0,117808,25000,0.9520581949180356,0.2829861111111111,0,0.25040449600010106,6145.227525052946,0.0,0.3011697816893367,0.0038149980844190312,200,0.410371943707072,0.24247182757313615,0.09895097356616951
ADWIN,Full,EarlyStopping,3,0,64525,25000,0.9763280400129785,0.2756076388888889,0,0.0014376540000284876,35.28175840929775,0.0,0.2170676776842581,0.22044068115265628,1,0.25567894864083246,0.22274716738042183,0.08792927045908974
ADWIN,Window-W,Fixed-50ep,3,0,194383,25000,0.21073598703318458,0.3064236111111111,0,0.06299169499993695,1545.8919633902913,0.0,0.11638081274561186,0.2896683357395381,50,0.23603545602944703,0.25396395786328385,0.12716099092448518
ADWIN,Window-W,Fixed-200ep,3,0,214710,25000,0.20656242208261777,0.3055555555555556,0,0.26371643299989955,6471.918470981086,0.0,0.03340054702312223,0.021973890069028612,200,0.7695092666155697,0.2971186165593292,0.18289872604899524
ADWIN,Window-W,EarlyStopping,3,0,155456,25000,0.16194774131768633,0.3532986111111111,1,0.004489593999778663,110.18003695804747,0.003471971816358605,0.21436106313520012,1.0936899190734175,1,0.22489716806513396,0.4308734883125569,0.27997958427361735
ADWIN,Reweighted-Full,Fixed-50ep,3,0,222966,25000,0.9826021885723345,0.2760416666666667,0,0.07541256400008933,1850.7150288067462,0.0,0.1218122531180682,0.03270091227263078,50,0.7780310910840972,0.24998311244079882,0.09986142861638532
ADWIN,Reweighted-Full,Fixed-200ep,3,0,120842,25000,0.1730769323825162,0.3151041666666667,0,0.2628495799999655,6450.644855688782,0.0,0.21006808152667975,0.0561939902185569,200,0.23845495625106344,0.31207914523285946,0.21162820810194383
ADWIN,Reweighted-Full,EarlyStopping,3,0,177118,25000,0.1659164353509893,0.3524305555555556,0,0.0018322480000279029,44.965569797477336,0.0,0.9062348358761808,0.0054515762076520445,1,0.25962438917940517,0.3561573240398608,0.1930829117314478
ADWIN,Reweighted-Window,Fixed-50ep,3,0,75607,25000,0.22142320799326015,0.3650173611111111,0,0.06486869899981684,1591.9558992578472,0.0,0.2554804915282289,0.014842945786408294,50,0.265750649448491,0.3293329044378498,0.2761146104101562
ADWIN,Reweighted-Window,Fixed-200ep,3,0,66004,25000,0.9692948653530211,0.2734375,0,0.26774780400000964,6570.853164364414,0.0,0.18435395116547276,0.028754548415639597,200,0.24963573565732192,0.22970509845150056,0.08853851112974992
ADWIN,Reweighted-Window,EarlyStopping,3,0,163155,25000,0.16598243955061892,0.3537326388888889,0,0.0015007609999884153,36.830480095098096,0.0,0.2709851569122259,0.09676315479284328,1,0.23908445862188765,0.4556292360488047,0.28060894690647775
Fixed-T,Full,Fixed-50ep,4,1,68316,25000,0.9756209634976929,0.2743055555555556,4,0.892280759000414,21897.643084979853,2.9669808652967325e-05,0.25647049832319496,0.24251905240182625,50,0.31587245883223525,0.2476017963145168,0.0667062534097657
Fixed-T,Full,Fixed-200ep,4,1,188086,25000,0.971776503732555,0.2769097222222222,4,3.5582918160000645,87324.76117299988,7.790848422175178e-06,0.26245390146624503,0.2231649704310953,200,0.24287225660577605,0.24786413346041652,0.10174720607755
Fixed-T,Full,EarlyStopping,4,1,148208,25000,0.9599145554188717,0.2799479166666667,4,0.012000584999896091,294.5087905213539,0.0019277641453142418,0.29756675953934875,0.28712476659979064,1,0.7156969674204657,0.22647653836280432,0.08022570494295539
Fixed-T,Window-W,Fixed-50ep,4,1,86985,25000,0.9589287650509144,0.2834201388888889,4,0.5641843309999786,13845.762098709483,3.5408063837455555e-05,0.31002260182134145,0.22216191640682115,50,0.8320190879709148,0.272970993215224,0.08552835377051742
Fixed-T,Window-W,Fixed-200ep,4,1,135337,25000,0.9633765962141452,0.2782118055555556,4,2.365253267999833,58046.16018646941,7.98622284536648e-06,0.3017644784934465,0.19033347976706397,200,0.3309841327598498,0.23617893229273781,0.08097175696854017
Fixed-T,Window-W,EarlyStopping,4,1,131893,25000,0.9556345619322286,0.2816840277777778,4,0.008004613999901267,196.4428557209195,0.0027217846660173685,0.09671302101833795,0.39490006594158794,1,0.3339331690372825,0.24082193590864956,0.07721384754255892
Fixed-T,Reweighted-Full,Fixed-50ep,4,1,46315,25000,0.9552899310515499,0.2795138888888889,4,1.210632202999932,29710.370442340874,2.8862397576743868e-05,0.28567197540762723,0.2664578781583808,50,0.26766746668570685,0.266657179603191,0.08579293606329977
Fixed-T,Reweighted-Full,Fixed-200ep,4,1,148546,25000,0.9473619607215946,0.2803819444444444,4,3.771186625999917,92549.45588595535,6.899733678151324e-06,0.22178862486158435,0.24522114075737098,200,0.7142891154540258,0.22674364499548724,0.0760991329788262
Fixed-T,Reweighted-Full,EarlyStopping,4,1,205413,25000,0.1777682077948517,0.3637152777777778,4,0.00890348399980212,218.50220670331095,0.004187530997891932,0.22569988237509517,1.0195006210652044,1,0.2436368848552667,0.3206936741260867,0.27479281675672174
Fixed-T,Reweighted-Window,Fixed-50ep,4,1,95106,25000,0.1240796968106107,0.3441840277777778,4,0.6196715999997195,15207.486421531099,3.4087794803696125e-05,0.3062851846112683,0.23118963625091796,50,0.8235083732914803,0.328705276291725,0.148247306015929
Fixed-T,Reweighted-Window,Fixed-200ep,4,1,216754,25000,0.18028245510076332,0.3628472222222222,4,2.877293208000083,70612.23620938045,1.1498097206837332e-05,0.21055857716848267,0.28439318647608247,200,0.24343016354468797,0.32514467686944953,0.2832212546974109
Fixed-T,Reweighted-Window,EarlyStopping,4,1,179396,25000,0.9565733758281466,0.2803819444444444,4,0.00865826700010075,212.48428657708786,0.0025099361141461256,0.30792317649827355,0.3493796684494006,1,0.2718138957714904,0.2341392999755842,0.10567585179486116
Threshold-delta,Full,Fixed-50ep,4,1,113320,25000,0.13576937016921767,0.3402777777777778,2,0.3700609649999933,9081.741200304548,3.8111743642278555e-05,0.6520707422451231,0.11046913793594723,50,0.7714886131774229,0.3108163135991652,0.20004636023627853
Threshold-delta,Full,Fixed-200ep,4,1,224863,25000,0.208739426825528,0.3415798611111111,0,0.26479862099995444,6498.476666187041,0.0,0.0016350858988036204,0.013052392664363333,200,0.24615590725828065,0.2699993503369676,0.22147062810699794
Threshold-delta,Full,EarlyStopping,4,1,96818,25000,0.1254325716034067,0.34375,2,0.006031658999972933,148.024166899751,0.0015272725530524976,0.3666870180146178,0.20802987885040117,1,0.7922166917974544,0.3554096264222907,0.19090542364161814
Threshold-delta,Window-W,Fixed-50ep,4,1,103115,25000,0.1117724965227295,0.3454861111111111,1,0.1584660719997828,3888.9480140951387,1.5365996676524958e-05,0.2993563369135171,0.013262695090219483,50,0.852936067220002,0.3289421421512993,0.19997782295998914
Threshold-delta,Window-W,Fixed-200ep,4,1,179856,25000,0.9657737488890065,0.2795138888888889,2,1.1668233509999482,28635.24851980494,6.2140255323504565e-06,0.25671256691035094,0.06544460095376044,200,0.2753441632128542,0.23170686292793816,0.10536832967130617
Threshold-delta,Window-W,EarlyStopping,4,1,199692,25000,0.19435503060497958,0.3285590277777778,1,0.0054286140000385785,133.22471724274223,0.0006801328597901539,0.34588653622033194,0.016371051362440783,1,0.2169393664117757,0.2509171841667576,0.10671230390113437
Threshold-delta,Reweighted-Full,Fixed-50ep,4,1,80268,25000,0.9493392317008726,0.2825520833333333,0,0.07463346200006526,1831.5949286014777,0.0,0.18520456595664678,0.05572569605270257,50,0.7166249565822352,0.28186739321614346,0.08293895832583952
Threshold-delta,Reweighted-Full,Fixed-200ep,4,1,4224,25000,0.9369889206309475,0.28125,1,0.665136007000001,16323.237655120078,3.320881526848814e-06,0.2522767288881571,0.08869205183886612,200,0.2947993509244275,0.2477927096088381,0.07312267514208659
Threshold-delta,Reweighted-Full,EarlyStopping,4,1,130241,25000,0.9530825139179391,0.2786458333333333,1,0.004590146000055029,112.64770399145891,0.0012937653436609895,0.20863307231925818,0.13330150445564304,1,0.3385704744974817,0.24292479185844673,0.08358649883382609
Threshold-delta,Reweighted-Window,Fixed-50ep,4,1,64087,25000,0.9460271653443693,0.2795138888888889,2,0.2821169399999235,6923.489045382557,1.912817588132756e-05,0.2657563450899177,0.11104200126708283,50,0.2983052960980972,0.24638113886922178,0.06752602066841959
Threshold-delta,Reweighted-Window,Fixed-200ep,4,1,186114,25000,0.9837435919872775,0.2747395833333333,1,0.8387520430001132,20583.984008564315,7.166619871660842e-06,0.32199552617955235,0.00591489898122062,200,0.24399924993686947,0.23802488984832829,0.10542083621222707
Threshold-delta,Reweighted-Window,EarlyStopping,4,1,43309,25000,0.9519434346833331,0.2799479166666667,0,0.0024893790000533045,61.09235495280472,0.0,0.12998338419416616,0.2319134284250444,1,0.23447304474599592,0.2828707475287518,0.07826662072091049
ADWIN,Full,Fixed-50ep,4,1,104342,25000,0.12291663579964948,0.3420138888888889,0,0.06244749600000432,1532.536665354864,0.0,0.35538436407847057,0.008266237892332946,50,0.8622009770121097,0.3124494934343225,0.20092461543836426
ADWIN,Full,Fixed-200ep,4,1,35448,25000,0.9754806053186638,0.2777777777777778,0,0.3573768139999629,8770.456877928471,0.0,0.006531550737059267,0.09872971302920763,200,0.23792916400684666,0.23551505777706713,0.08008039700545333
ADWIN,Full,EarlyStopping,4,1,53753,25000,0.9618220818797938,0.2816840277777778,0,0.0014711520000219025,36.10383962142452,0.0,0.30760639866961853,0.08124942801570893,1,0.27529855112726254,0.26765262600819023,0.08552679428654522
ADWIN,Window-W,Fixed-50ep,4,1,53807,25000,0.9615140719826206,0.2816840277777778,0,0.06641531799982658,1629.9117898326951,0.0,0.2862331705563427,0.21421986695528394,50,0.27576561173112624,0.2677287426838708,0.08460546223092061
ADWIN,Window-W,Fixed-200ep,4,1,58260,25000,0.9593993061127114,0.2821180555555556,0,0.25501064299987775,6258.267912824003,0.0,0.16599097415486935,0.2966378091746388,200,0.300759832411341,0.2727163313563547,0.08887148915350157
ADWIN,Window-W,EarlyStopping,4,1,110852,25000,0.13263353994064975,0.3415798611111111,0,0.0014079200000196579,34.55205028423233,0.0,0.1637707294948591,0.4111607634717559,1,0.7460027022154141,0.31908787738596606,0.19858035276550726
ADWIN,Reweighted-Full,Fixed-50ep,4,1,162663,25000,0.9489006200476314,0.2847222222222222,0,0.07455050299995492,1829.5590149534703,0.0,0.07471764250902257,0.05831367819391939,50,0.7470933034161058,0.2475746124508765,0.0657964342778006
ADWIN,Reweighted-Full,Fixed-200ep,4,1,96046,25000,0.12137152240958701,0.3441840277777778,0,0.4088928129999658,10034.721458206976,0.0,0.3643092677879572,0.5495458817855258,200,0.8214171189451288,0.348080505735971,0.1838473327504398
ADWIN,Reweighted-Full,EarlyStopping,4,1,161364,25000,0.9457681751494139,0.28515625,0,0.0016159449999122444,39.657233999617944,0.0,0.21653759545061638,0.015271673565678972,1,0.7382802417375687,0.24351464247581459,0.0689668835136233
ADWIN,Reweighted-Window,Fixed-50ep,4,1,165133,25000,0.94354570759602,0.2864583333333333,0,0.06568320500014124,1611.9448562153625,0.0,0.2128996216047225,0.4002483737756732,50,0.752158483708468,0.2377623684579821,0.0730210303014349
ADWIN,Reweighted-Window,Fixed-200ep,4,1,67530,25000,0.9592639004016282,0.2738715277777778,0,0.2631846039998891,6458.866747622715,0.0,0.08658824959329875,0.028027317155535646,200,0.3143903136829201,0.2455736640470633,0.0629851321340776
ADWIN,Reweighted-Window,EarlyStopping,4,1,55000,25000,0.9463637022575931,0.2821180555555556,0,0.001636876000020493,40.17090591863989,0.0,0.29700101626027303,0.008399613945658645,1,0.2991222056049594,0.26964150812436627,0.09073885154519525
Fixed-T,Full,Fixed-50ep,5,2,90528,25000,0.21036848562062238,0.3658854166666667,4,1.1746399160001602,28827.076426883126,5.1505228975451944e-05,0.9232293753953824,0.1502954708708721,50,0.9258395669427089,0.40755154098888274,0.34672953093843134
Fixed-T,Full,Fixed-200ep,5,2,180975,25000,0.9653128004530281,0.2777777777777778,4,3.551535225000407,87158.9463028603,7.328420182580881e-06,0.30186188550921667,0.1690506263691887,200,0.2933748527832938,0.25683583749020417,0.1054156787710841
Fixed-T,Full,EarlyStopping,5,2,193184,25000,0.956650709712043,0.2829861111111111,4,0.008334534000141502,204.53948936339592,0.002715706575267822,0.23913827358406448,0.22867336109546466,1,0.2577893742179696,0.23335963546554933,0.10226760504184475
Fixed-T,Window-W,Fixed-50ep,5,2,205013,25000,0.9438820992913848,0.2803819444444444,4,0.5860801849999007,14383.11269278511,3.976908302168257e-05,0.2465046076266416,0.28534891932466055,50,0.32222768071705565,0.24021954112636193,0.07007499697907058
Fixed-T,Window-W,Fixed-200ep,5,2,205975,25000,0.9403962469106409,0.2825520833333333,4,2.9415843729998414,72190.01872960356,6.358285326958056e-06,0.2542181283290664,0.1404519349321065,200,0.31636827665257244,0.233852533653333,0.0648171714480468
Fixed-T,Window-W,EarlyStopping,5,2,106311,25000,0.20112947240735132,0.3506944444444444,4,0.008532874999900741,209.40701606733538,0.0032986427926174917,0.16154702253182243,0.010176349281956772,1,0.298930154775849,0.31752582346696795,0.2861248328297762
Fixed-T,Reweighted-Full,Fixed-50ep,5,2,96776,25000,0.2269766253872152,0.3550347222222222,4,0.9067700790001254,22253.22842591355,5.5497609883714664e-05,0.839968699496811,0.28485319725163627,50,0.29777564868308176,0.3649585700984916,0.3025195460295733
Fixed-T,Reweighted-Full,Fixed-200ep,5,2,36536,25000,0.9589943202616837,0.27734375,4,4.627095506999922,113554.48933573962,7.454280997986341e-06,0.2129095329033181,0.25631010403669247,200,0.2609540353190272,0.231825650504551,0.10296219038981362
Fixed-T,Reweighted-Full,EarlyStopping,5,2,221375,25000,0.954082209862161,0.2790798611111111,4,0.010696152000036818,262.496435697983,0.002291580983794249,0.27621993866939143,0.24842863676396867,1,0.25108902318236054,0.23677351931909077,0.0627618969765909
Fixed-T,Reweighted-Window,Fixed-50ep,5,2,99904,25000,0.16936929083478117,0.3402777777777778,4,0.600991398999895,14749.051819951112,5.401979325823778e-05,0.29121783583464445,0.10963501695434617,50,0.2961386166854329,0.32265246872802505,0.28025854380538434
Fixed-T,Reweighted-Window,Fixed-200ep,5,2,76391,25000,0.14903206354551846,0.3537326388888889,4,2.507209419000219,61529.934880665765,1.1955697111784354e-05,0.5348131741927811,0.0025218295445313945,200,0.8708649493892772,0.3917868075988833,0.22388079173788933
Fixed-T,Reweighted-Window,EarlyStopping,5,2,203436,25000,0.9307044415158388,0.2808159722222222,4,0.012242367999988346,300.4424361666629,0.0019663454804234636,0.03996655926195794,0.04780206853122967,1,0.323217404358811,0.23691484388639902,0.06909319497333903
Threshold-delta,Full,Fixed-50ep,5,2,55847,25000,0.29999253270027226,0.2986111111111111,1,0.1389416889999211,3409.7961708296025,9.409700439042939e-06,0.33727073501580085,0.041254335843736396,50,0.2616942649104909,0.2867749314355936,0.10097378865702976
Threshold-delta,Full,Fixed-200ep,5,2,6340,25000,0.9620026394025106,0.2825520833333333,2,1.21038072500005,29704.198869739324,5.918135508907704e-06,0.31347346070201954,0.06536850076639784,200,0.5456696492105639,0.2657909749165685,0.09710427681610335
Threshold-delta,Full,EarlyStopping,5,2,171215,25000,0.9754765820789879,0.2769097222222222,1,0.0027239969999754976,66.85016287568702,0.0007933329194783254,0.25402257792793853,0.25467767573359995,1,0.7637122409659837,0.2654753467048117,0.08409843591545162
Threshold-delta,Window-W,Fixed-50ep,5,2,115206,25000,0.1693694739824631,0.3532986111111111,3,0.43166329299992867,10593.536426347095,4.4842686392761695e-05,0.5859308673744008,0.0017894008400742576,50,0.26185365552061396,0.36612010312365717,0.27263665225231604
Threshold-delta,Window-W,Fixed-200ep,5,2,195733,25000,0.950150317611751,0.2838541666666667,2,1.5231302600002437,37379.44864213128,3.486408948580524e-06,0.3693585311160128,0.09141876522621233,200,0.31437682243623544,0.22447637179167085,0.10385814342486814
Threshold-delta,Window-W,EarlyStopping,5,2,5332,25000,0.9652011973447951,0.2829861111111111,2,0.004385367999702794,107.62220555037122,0.0018898385100383753,0.33134621317257096,0.0605000813712544,1,0.5588411740559822,0.2741475833377316,0.09432150268381502
Threshold-delta,Reweighted-Full,Fixed-50ep,5,2,71065,25000,0.3095424072403893,0.2994791666666667,0,0.06898096500003703,1692.875853246542,0.0,0.21255504418766674,0.16177321238860934,50,0.8663843031455575,0.31168807266512993,0.07986619837029628
Threshold-delta,Reweighted-Full,Fixed-200ep,5,2,196498,25000,0.936844409727925,0.2825520833333333,3,1.4808887270000923,36342.79061306435,5.3307122942644695e-06,0.3521428506287098,0.07247884189262517,200,0.3124237319482577,0.2230336122909974,0.09494708322020114
Threshold-delta,Reweighted-Full,EarlyStopping,5,2,154640,25000,0.20760477247416087,0.3576388888888889,1,0.0033608689998345653,82.4797677988665,0.003916272943507206,0.14436479944271524,0.901680072603214,1,0.7575996824538742,0.3071138439102372,0.2515170723730728
Threshold-delta,Reweighted-Window,Fixed-50ep,5,2,70327,25000,0.30781509168646315,0.2999131944444444,0,0.10668707199988603,2618.2290729346187,0.0,0.13434270388056957,0.26429848937991657,50,0.8643628138895123,0.30615120758554737,0.07849990847155934
Threshold-delta,Reweighted-Window,Fixed-200ep,5,2,45782,25000,0.9381228925223541,0.2808159722222222,1,0.8359422480000376,20515.028259566046,7.675268406563565e-06,0.2522452847712285,0.15393011453605704,200,0.23200455201034442,0.2689597375188682,0.07941817712267503
Threshold-delta,Reweighted-Window,EarlyStopping,5,2,189398,25000,0.9465518021432111,0.2808159722222222,2,0.005728962000148385,140.59561843202698,0.0014002270170357847,0.18004994100582652,0.05923604832216266,1,0.2740775226250073,0.23008331916682803,0.09837218842763912
ADWIN,Full,Fixed-50ep,5,2,215469,25000,0.958696649446923,0.2816840277777778,0,0.06226170400009323,1527.97710620147,0.0,0.2545863976931521,0.2779793002957561,50,0.3060688802237364,0.2401117024533934,0.07092822615151659
ADWIN,Full,Fixed-200ep,5,2,50304,25000,0.9619107383728509,0.2808159722222222,0,0.2623440990000745,6438.23974394542,0.0,0.2750729918118185,0.5007203725305478,200,0.2451926797213361,0.2737060156539281,0.09062215966818807
ADWIN,Full,EarlyStopping,5,2,103719,25000,0.24699718529619438,0.3519965277777778,0,0.0015564889999950537,38.19811224638665,0.0,0.803092534035944,0.006216664181882523,1,0.30177981744495336,0.3572638212780992,0.32519175054439836
ADWIN,Window-W,Fixed-50ep,5,2,143817,25000,0.16384103141517142,0.3624131944444444,0,0.06235521200005678,1530.2719049944933,0.0,0.27961796504189435,0.2983849685360119,50,0.290009679167472,0.3169792958481779,0.23576603370640728
ADWIN,Window-W,Fixed-200ep,5,2,133884,25000,0.17317389924378832,0.3263888888888889,0,0.24873541299984936,6104.266220609192,0.0,0.3091369672209673,0.3453873494162234,200,0.36941184320164133,0.29864292071834947,0.18623872988212034
ADWIN,Window-W,EarlyStopping,5,2,19026,25000,0.9749144299618864,0.27734375,0,0.0015262289998645429,37.4554954456482,0.0,0.33772220666616426,0.2385709146821409,1,0.5046909753566344,0.22354837002417513,0.07391807754856325
ADWIN,Reweighted-Full,Fixed-50ep,5,2,166549,25000,0.14633318462086367,0.3450520833333333,0,0.0648504440000579,1591.507899606162,0.0,0.8175806084903376,0.021290386388693044,50,0.7765493181389899,0.29647372303043895,0.1442505522171854
ADWIN,Reweighted-Full,Fixed-200ep,5,2,113774,25000,0.17208644882791133,0.3407118055555556,0,0.27612511500001347,6776.4424527577485,0.0,0.09194113063718658,0.20794098809554865,200,0.24750371478483318,0.35822521873747365,0.26028782289540536
ADWIN,Reweighted-Full,EarlyStopping,5,2,178469,25000,0.951265347409523,0.2790798611111111,0,0.0020869299999048962,51.215772412765034,0.0,0.21056335877717902,0.47440363684593356,1,0.4874178026470726,0.2770152177423264,0.09629758469611978
ADWIN,Reweighted-Window,Fixed-50ep,5,2,78074,25000,0.1460211564738132,0.3537326388888889,0,0.0639949549999983,1570.5131705396993,0.0,0.3355621981746029,0.44907941636829973,50,0.8800757357099942,0.3734552133866811,0.21889355490009865
ADWIN,Reweighted-Window,Fixed-200ep,5,2,79796,25000,0.14041602508618037,0.3559027777777778,0,0.26212551700018594,6432.875478751892,0.0,0.33061455190897,0.5365702724284214,200,0.8768454124120068,0.3694727349754929,0.2368323278802552
ADWIN,Reweighted-Window,EarlyStopping,5,2,62325,25000,0.2940125284750287,0.30078125,0,0.0017336519999844313,42.54590536251041,0.0,0.1678458196747625,0.33695920491493914,1,0.23820154816658115,0.29111273957455136,0.098479769352068
Fixed-T,Full,Fixed-50ep,6,0,38544,25000,0.9582533612297448,0.2782118055555556,4,0.8599739049998334,21104.79402825942,3.0175923782634414e-05,0.2379081453744716,0.2713894374286838,50,0.28384621585904907,0.2582080674625135,0.08814715936791233
Fixed-T,Full,Fixed-200ep,6,0,24596,25000,0.9810783522716154,0.2769097222222222,4,4.657220362000089,114293.78951242329,6.1839755332381015e-06,0.2508667437647587,0.27638975978996433,200,0.26111292422236887,0.2427106247262907,0.08101708100393971
Fixed-T,Full,EarlyStopping,6,0,94220,25000,0.12284782365566799,0.3472222222222222,4,0.008004909000192129,196.45009538289148,0.00395514384113521,0.9491950742149053,0.2671129594462233,1,0.33724219545028195,0.32084729490783787,0.13078963794902995
Fixed-T,Window-W,Fixed-50ep,6,0,150559,25000,0.18067019597573786,0.3177083333333333,4,0.5901858510001148,14483.870674835,3.225219236753354e-05,0.29653176869141307,0.2468393027961532,50,0.2276825051919148,0.29974214657813997,0.13844548750503372
Fixed-T,Window-W,Fixed-200ep,6,0,117944,25000,0.9519619359795557,0.2829861111111111,4,2.3371706289999565,57356.97844686479,9.544321337128803e-06,0.14995743310853332,0.29876561066167084,200,0.40548572551710904,0.24133607775434315,0.10177171707407295
Fixed-T,Window-W,EarlyStopping,6,0,178090,25000,0.170236313625726,0.3428819444444444,4,0.010792862000016612,264.86981542285605,0.0027425072724279434,0.23945334547935188,0.3399928476585388,1,0.26305190861933836,0.32358888764160926,0.14540113354783293
Fixed-T,Reweighted-Full,Fixed-50ep,6,0,224678,25000,0.9730022864050532,0.2786458333333333,4,0.9142391839998254,22436.529246645012,2.6274856941670032e-05,0.2827757884251821,0.19080863866889153,50,0.7495072054754591,0.23559983683002925,0.1043375195388596
Fixed-T,Reweighted-Full,Fixed-200ep,6,0,49081,25000,0.9430590139211267,0.2764756944444444,4,3.7744429399999717,92629.36974829808,6.611181654405995e-06,0.26429047398044697,0.15545428459165067,200,0.2830132537074471,0.23692296125051007,0.09377576748369913
Fixed-T,Reweighted-Full,EarlyStopping,6,0,45901,25000,0.938160379843129,0.2786458333333333,4,0.012235858000167354,300.28267294065427,0.0019127918453634278,0.24184249119015871,0.12323424703945814,1,0.26990149060651475,0.22220909036833564,0.10128433984069597
Fixed-T,Reweighted-Window,Fixed-50ep,6,0,210514,25000,0.24079570974726291,0.3081597222222222,4,0.6037890830004926,14817.710350454758,4.5852142879184606e-05,0.31785115934600333,0.1506454035860733,50,0.7808794808478234,0.2633515494131647,0.18762847778415073
Fixed-T,Reweighted-Window,Fixed-200ep,6,0,169574,25000,0.15185520292889593,0.3585069444444444,4,2.4931932229999347,61185.96057176418,1.357136391429153e-05,0.3302858749025219,0.20827892196268002,200,0.25413967661984505,0.45556389166674927,0.28537289826548035
Fixed-T,Reweighted-Window,EarlyStopping,6,0,164172,25000,0.1552606957169673,0.3550347222222222,4,0.008075852999809285,198.19114646683258,0.004546256405972719,1.1260215048726487,0.2824723827461606,1,0.2435234661554438,0.46175384386366525,0.27533506311410433
Threshold-delta,Full,Fixed-50ep,6,0,85404,25000,0.21903058475382378,0.37109375,1,0.1287316830000691,3159.2303427255383,4.165710290594745e-06,0.1333936846944492,0.005454369966874923,50,0.2884230941153324,0.3757739825168327,0.27632138443443816
Threshold-delta,Full,Fixed-200ep,6,0,54488,25000,0.9586345990393822,0.2769097222222222,0,0.2493165549999503,6118.528144304776,0.0,0.11232610967947101,0.18811404114674604,200,0.28421284036281724,0.2437919168758632,0.09257552911547401
Threshold-delta,Full,EarlyStopping,6,0,126216,25000,0.1757341959005035,0.3155381944444444,2,0.004585263999842937,112.52789383405403,0.0016732602106387686,0.2976321771031518,0.05254772286243295,1,0.22163754337874858,0.3213663528619339,0.21080653257032878
Threshold-delta,Window-W,Fixed-50ep,6,0,148887,25000,0.9765059835630383,0.2760416666666667,0,0.06314359199996034,1549.6196984766304,0.0,0.19589283248584202,0.35918886140127954,50,0.22767052227830867,0.2770237177236839,0.052296051097267725
Threshold-delta,Window-W,Fixed-200ep,6,0,79266,25000,0.20615431229539288,0.3693576388888889,3,1.3264290789995812,32552.165062945052,5.758307467559276e-06,0.268317612699313,0.12528729727689866,200,0.2761810581077419,0.34376058816799315,0.2821024524485136
Threshold-delta,Window-W,EarlyStopping,6,0,147383,25000,0.978033731759475,0.27734375,2,0.004349556000079247,106.74333600398049,0.0018773789753006008,0.39888783072797623,0.16927392068819236,1,0.23471895481763716,0.2804965347988245,0.051004763019605735
Threshold-delta,Reweighted-Full,Fixed-50ep,6,0,21980,25000,0.9551497327646588,0.2790798611111111,2,0.5195787259999634,12751.086899197004,1.5257309851555266e-05,0.30389943283146603,0.13786009514038627,50,0.2587864595337689,0.2581809936782536,0.0772437922207478
Threshold-delta,Reweighted-Full,Fixed-200ep,6,0,117039,25000,0.9428411625996772,0.2829861111111111,2,1.5671517119997134,38459.78802437556,6.440738458438004e-06,0.2915755436417246,0.1845313048645814,200,0.41488345512353486,0.2461593318805099,0.10222111553556862
Threshold-delta,Reweighted-Full,EarlyStopping,6,0,10218,25000,0.16559694701950206,0.3190104166666667,2,0.00484304799988422,118.85422326454199,0.0029896513887924772,0.3594278872867323,0.3333923388752482,1,0.27304751302438246,0.3695656798975158,0.2591111583065168
Threshold-delta,Reweighted-Window,Fixed-50ep,6,0,65850,25000,0.9690672269493923,0.2738715277777778,1,0.1469918880000023,3607.357737285792,1.1039051845011512e-05,0.14045331236032918,0.24355853624363916,50,0.24861157982429063,0.22956456666698988,0.09243104174383988
Threshold-delta,Reweighted-Window,Fixed-200ep,6,0,2775,25000,0.17794284453011888,0.3229166666666667,1,0.9224754209999446,22638.656409393607,4.556668690281546e-06,0.3586161459591635,0.2436855911321719,200,0.2500176210476132,0.40637995528047677,0.2417457917238074
Threshold-delta,Reweighted-Window,EarlyStopping,6,0,121317,25000,0.16678108268460107,0.3168402777777778,1,0.003238755999973364,79.4829679014975,0.0021004915628079126,0.30147977226499956,0.045568151013718076,1,0.23822756081597624,0.3155024481759377,0.2142697039667539
ADWIN,Full,Fixed-50ep,6,0,221493,25000,0.978449732088913,0.2769097222222222,0,0.0641926160001276,1575.3640092347982,0.0,0.16882463949377136,0.054641184556727625,50,0.7818022936054835,0.24874329535247358,0.10037487174840096
ADWIN,Full,Fixed-200ep,6,0,194131,25000,0.6122919071162595,0.2873263888888889,0,0.26839223699994363,6586.668325324005,0.0,0.2354756207535185,0.3971944274853199,200,0.242405590728004,0.24388335157327007,0.11155494590052134
ADWIN,Full,EarlyStopping,6,0,54827,25000,0.9595669556824128,0.2769097222222222,0,0.0014522489998398669,35.639937259924274,0.0,0.12190583904799629,0.29519728005262147,1,0.28508974876172727,0.24572179082078568,0.09006177613844003
ADWIN,Window-W,Fixed-50ep,6,0,168835,25000,0.16135916803412848,0.3580729166666667,0,0.06354067999996005,1559.364715624667,0.0,0.2793529248008278,0.5322481282724391,50,0.25030855877428787,0.46537803041402154,0.2703525098873945
ADWIN,Window-W,Fixed-200ep,6,0,9185,25000,0.16687983653453642,0.3203125,0,0.3339741409999988,8196.127133149708,0.0,0.24292495115099863,0.4625510099662529,200,0.27704175821995936,0.3762620565238496,0.25768850392894405
ADWIN,Window-W,EarlyStopping,6,0,123596,25000,0.1706908750126293,0.3168402777777778,0,0.00239146199987772,58.689353991314896,0.0,0.37203439916557834,0.14629406649024101,1,0.22592153681169833,0.32390348583808615,0.21102544516199123
ADWIN,Reweighted-Full,Fixed-50ep,6,0,163032,25000,0.16522849836557307,0.3537326388888889,0,0.06668533299989576,1636.538282715641,0.0,0.2603717654722389,0.21956651962932036,50,0.23941438269770207,0.4577699560076323,0.2849694834274546
ADWIN,Reweighted-Full,Fixed-200ep,6,0,95209,25000,0.9298987100602144,0.2890625,0,0.2762112610000713,6778.556579217876,0.0,0.3253759451386171,0.33734830021570245,200,0.49043363580787425,0.3040581925402256,0.09027394276854672
ADWIN,Reweighted-Full,EarlyStopping,6,0,73300,25000,0.22654832122606627,0.3654513888888889,0,0.001841389999981402,45.18992547257773,0.0,0.27501826763534953,0.1101170247261699,1,0.25910980964776653,0.34415875319583156,0.28383060556320167
ADWIN,Reweighted-Window,Fixed-50ep,6,0,75331,25000,0.22571246166681497,0.3645833333333333,0,0.06495724400019753,1594.128900071479,0.0,0.2930003230727233,0.1488883758614286,50,0.2636254580636231,0.3498088570578477,0.28402057209332354
ADWIN,Reweighted-Window,Fixed-200ep,6,0,12934,25000,0.1667656498195458,0.3168402777777778,0,0.3608966070000861,8856.83683185245,0.0,0.317649381906241,0.21146627668823095,200,0.2623515899536482,0.3631881559976377,0.2593382388967381
ADWIN,Reweighted-Window,EarlyStopping,6,0,75550,25000,0.22377069310391295,0.3650173611111111,0,0.0015046549999624403,36.926043538267756,0.0,0.2520464374642014,0.0852527629695438,1,0.2645269324375316,0.3409436848039743,0.28146106815504807
Fixed-T,Full,Fixed-50ep,7,1,54003,25000,0.9623934692977625,0.28125,4,0.8537017600003765,20950.868045669355,2.870943158564512e-05,0.27442940515310704,0.299837196132506,50,0.28096559569117885,0.2669833074758431,0.08913706548899188
Fixed-T,Full,Fixed-200ep,7,1,215810,25000,0.18887656873279454,0.3624131944444444,4,3.539099570999724,86853.76039574704,1.1522088927852086e-05,0.8550212382093323,0.2524084033937948,200,0.2480680944939484,0.3233543818787418,0.27856731169157245
Fixed-T,Full,EarlyStopping,7,1,81932,25000,0.9653191806786378,0.2838541666666667,4,0.015165905000003477,372.1895506553598,0.0012955261704041224,0.2729107943475602,0.3624592473507178,1,0.8469248485236843,0.2837726457078358,0.08148648468479372
Fixed-T,Window-W,Fixed-50ep,7,1,121373,25000,0.966917758583796,0.2799479166666667,4,0.5769299349999528,14158.554551621492,3.425335353594474e-05,0.2127005181651533,0.2619625431723904,50,0.7683102407742851,0.22987214282077878,0.07004893506096144
Fixed-T,Window-W,Fixed-200ep,7,1,73381,25000,0.968591314492906,0.2777777777777778,4,2.2940894570001547,56299.71466680625,7.741004612610306e-06,0.2257012626503311,0.12286554697869989,200,0.7160606542312082,0.24549515841668484,0.06757170614572892
Fixed-T,Window-W,EarlyStopping,7,1,102567,25000,0.11147047133528937,0.3454861111111111,4,0.007817969999905472,191.86238746063844,0.00427268391383164,0.20807527497543737,0.33522332498123814,1,0.8147247970227303,0.3308486652239367,0.1951145875457655
Fixed-T,Reweighted-Full,Fixed-50ep,7,1,118527,25000,0.14937959235486425,0.3355034722222222,4,1.3230347899998378,32468.865128149955,3.296279684327095e-05,0.47925132816176624,0.22094628101746538,50,0.7806237954177975,0.25608163078113594,0.14990524923998969
Fixed-T,Reweighted-Full,Fixed-200ep,7,1,24682,25000,0.9730634667336325,0.2764756944444444,4,3.7346514050000224,91652.83761707909,6.467815614882626e-06,0.2567162318078142,0.3071760055572684,200,0.22137167714525216,0.22561320667922946,0.10519648688758662
Fixed-T,Reweighted-Full,EarlyStopping,7,1,79936,25000,0.950118264524997,0.2816840277777778,4,0.009702740000420818,238.1169103249415,0.002489503869206737,0.15417062407204618,0.451264603514136,1,0.7070819304109917,0.2766454351975016,0.08192351839356773
Fixed-T,Reweighted-Window,Fixed-50ep,7,1,214939,25000,0.18920891458962746,0.3624131944444444,4,0.6039382910000768,14821.372094235918,5.9356313090634485e-05,0.21598977856804727,0.2065820367822278,50,0.25102647896888136,0.31664629848472936,0.27437317132634526
Fixed-T,Reweighted-Window,Fixed-200ep,7,1,59155,25000,0.9419298672874461,0.2825520833333333,4,2.4796672250001848,60854.01631141895,8.040520975744305e-06,0.279945858521482,0.16460356913654328,200,0.3013899944410207,0.2709182947273968,0.08910420073353806
Fixed-T,Reweighted-Window,EarlyStopping,7,1,92902,25000,0.9276754104589057,0.2903645833333333,4,0.008334942000146839,204.54950217428018,0.0028624231494217955,0.2646957554198519,0.2719623388486457,1,0.8157291127955806,0.2940876979527559,0.08843869301816004
Threshold-delta,Full,Fixed-50ep,7,1,77797,25000,0.9716490336757613,0.2786458333333333,2,0.22967168900004253,5636.419503297942,1.3038043455546446e-05,0.3111002882103034,0.2263266738901846,50,0.7235568424670464,0.27059279987767687,0.08836963306799316
Threshold-delta,Full,Fixed-200ep,7,1,195981,25000,0.9620673776757803,0.2786458333333333,1,0.5350554419999298,13130.904125643221,2.077962021320292e-06,0.1416458808373209,0.04597455768132432,200,0.2371807879038048,0.23359649551162065,0.0995865947519634
Threshold-delta,Full,EarlyStopping,7,1,86896,25000,0.9589058510504334,0.2834201388888889,1,0.004955095999775949,121.60401595620958,0.0009298743310992152,0.22253051958047598,0.08022440994844215,1,0.8341813158203704,0.2726260900942098,0.08988977079728541
Threshold-delta,Window-W,Fixed-50ep,7,1,62846,25000,0.9689396558597385,0.2782118055555556,2,0.268968834999896,6600.818733790298,2.4564923128533152e-05,0.3029977863934254,0.1192483430852094,50,0.29937821772704387,0.2515072298226212,0.0702911415146265
Threshold-delta,Window-W,Fixed-200ep,7,1,149135,25000,0.9603234202888482,0.2816840277777778,1,0.7970013129997824,19559.37087546393,5.562280082755771e-06,0.28571974800247474,0.13861350718576154,200,0.7148696548735207,0.22452791046550316,0.07934157253492814
Threshold-delta,Window-W,EarlyStopping,7,1,136868,25000,0.9785296763219087,0.2760416666666667,2,0.004542334999996456,111.4743645416747,0.001125444158179307,0.2702739866231243,0.08051177684496019,1,0.3313492041215174,0.22430377186927625,0.08474752471548011
Threshold-delta,Reweighted-Full,Fixed-50ep,7,1,69177,25000,0.9580877712630441,0.2751736111111111,0,0.06796057500014285,1667.8342552968154,0.0,0.08245896687237315,0.2979467797053462,50,0.30814470786112275,0.2527455304648056,0.056731995974304825
Threshold-delta,Reweighted-Full,Fixed-200ep,7,1,35767,25000,0.9625089122407219,0.2777777777777778,0,0.40607983199993214,9965.68752093753,0.0,0.012595553931399142,0.009600128769566212,200,0.23715359926152282,0.23954932112710378,0.08039440619820845
Threshold-delta,Reweighted-Full,EarlyStopping,7,1,144337,25000,0.9482918325927711,0.28125,3,0.006641363999960959,162.98706096890265,0.0019840640962337495,0.3688548131416476,0.1355489994998569,1,0.7201445971246927,0.22294633435439684,0.08259965973693074
Threshold-delta,Reweighted-Window,Fixed-50ep,7,1,2322,25000,0.9538845579152259,0.2786458333333333,1,0.20472547200006375,5024.209332142902,1.8603346474208693e-05,0.2371464828761775,0.05582697521357699,50,0.47757460204283825,0.2408984500036705,0.07092720459646398
Threshold-delta,Reweighted-Window,Fixed-200ep,7,1,209437,25000,0.18488866117405053,0.36328125,1,0.8275367700000515,20308.74771911313,1.3596659397585633e-05,0.537544776947902,0.0014430861709706806,200,0.2475221102236365,0.3207520258280095,0.27314445259142484
Threshold-delta,Reweighted-Window,EarlyStopping,7,1,220398,25000,0.19308212090843113,0.3615451388888889,1,0.003156260999958249,77.45844137393898,0.0032015922248761477,0.18446482702117806,0.0016853300140318326,1,0.23376517039105466,0.300176650264092,0.2828317670201726
ADWIN,Full,Fixed-50ep,7,1,159534,25000,0.9565503224967095,0.28515625,0,0.06111792800015792,1499.9074673987602,0.0,0.04420181947497125,0.2601348532624018,50,0.7242070836885699,0.24184804240374627,0.06952857436358342
ADWIN,Full,Fixed-200ep,7,1,208910,25000,0.19003642817591493,0.3619791666666667,0,0.3792127819999678,9306.33779753365,0.0,0.09512302943350821,0.07561420087873992,200,0.24150922315117912,0.31847624098564675,0.27582487252149324
ADWIN,Full,EarlyStopping,7,1,140347,25000,0.9740341924468054,0.27734375,0,0.0015356260000771726,37.686109133828765,0.0,0.041929438199150806,0.45508326186861175,1,0.22872674990248348,0.22246954181519157,0.0834349122375272
ADWIN,Window-W,Fixed-50ep,7,1,20303,25000,0.9676344511516435,0.2777777777777778,0,0.06005642699983582,1473.856956049124,0.0,0.19149732243301051,0.18255983054232947,50,0.21484076849541717,0.2171434977920606,0.10243722806239683
ADWIN,Window-W,Fixed-200ep,7,1,120063,25000,0.9677153773277201,0.2803819444444444,0,0.24315540899988264,5967.326210672281,0.0,0.28846779516686855,0.23224129696009674,200,0.7614167155937089,0.2265151009732513,0.0681931325620718
ADWIN,Window-W,EarlyStopping,7,1,2542,25000,0.9579998743112124,0.2795138888888889,0,0.0014785440000650851,36.28524819377915,0.0,0.17270899618649369,0.35403971698766823,1,0.47711023698245003,0.23998988476620248,0.06262346029198265
ADWIN,Reweighted-Full,Fixed-50ep,7,1,115354,25000,0.15274635578718104,0.3376736111111111,0,0.0660486070000843,1620.9122608092423,0.0,0.25754371612125143,0.014720899186615365,50,0.8161582568889965,0.30543390116424524,0.19935807264205554
ADWIN,Reweighted-Full,Fixed-200ep,7,1,216827,25000,0.18167591137273206,0.3628472222222222,0,0.28137406599989845,6905.25802387327,0.0,0.2817111075917479,0.0022764630140384504,200,0.24222562289077193,0.3174134685730432,0.2746340722814016
ADWIN,Reweighted-Full,EarlyStopping,7,1,18428,25000,0.9607996366844003,0.2764756944444444,0,0.0015229759999328962,37.37566291453045,0.0,0.34824645677447996,0.3175707699654468,1,0.24736928389869875,0.21572683690857772,0.0983005594081967
ADWIN,Reweighted-Window,Fixed-50ep,7,1,181573,25000,0.9668620593927172,0.27734375,0,0.07485170700010713,1836.9509234134155,0.0,0.31972109976098684,0.14090990734056028,50,0.26446897155347043,0.23175422751673616,0.1029485467778365
ADWIN,Reweighted-Window,Fixed-200ep,7,1,178033,25000,0.9530544783291748,0.2799479166666667,0,0.27262808499995117,6690.6211302352085,0.0,0.42305936565520513,0.0038525557069242714,200,0.27632952765771124,0.24116821637232327,0.10073127841283694
ADWIN,Reweighted-Window,EarlyStopping,7,1,163544,25000,0.950150416537271,0.2855902777777778,0,0.0015409279999403225,37.81622658785739,0.0,0.16943635363488876,0.14399009683684627,1,0.7498285544543967,0.24584394492373232,0.0632511117700947
Fixed-T,Full,Fixed-50ep,8,2,127581,25000,0.1218443581242637,0.3485243055555556,4,1.2751768489999904,31294.373691205055,3.1103008620277666e-05,0.6017811014668752,0.3152436585692388,50,0.371870722358035,0.3246561452029407,0.19266907296351413
Fixed-T,Full,Fixed-200ep,8,2,201865,25000,0.9530495567423563,0.2795138888888889,4,3.584703320000017,87972.93124962057,7.864318294055588e-06,0.22090145141054862,0.3075705329829364,200,0.2987673888630896,0.2307149712129535,0.07373139813782
Fixed-T,Full,EarlyStopping,8,2,27936,25000,0.9747125965673471,0.2760416666666667,4,0.008304689000169674,203.80705716572479,0.002636187242233628,0.38784591278159586,0.22552904353397182,1,0.24834595298415357,0.20715126402590844,0.08915889229541274
Fixed-T,Window-W,Fixed-50ep,8,2,205392,25000,0.9419863579440493,0.2816840277777778,4,0.569782970000233,13983.159433968132,3.809010700057544e-05,0.27237552911860385,0.1709565198410103,50,0.3226356511992594,0.23853443726465795,0.06561444249407276
Fixed-T,Window-W,Fixed-200ep,8,2,172421,25000,0.9648679567796986,0.2786458333333333,4,2.572995004999939,63144.39228975738,7.450149023964329e-06,0.2782915570436987,0.27544244273061014,200,0.7704131972549976,0.27116502837792816,0.07963279176443191
Fixed-T,Window-W,EarlyStopping,8,2,99279,25000,0.16746878602894,0.3402777777777778,4,0.007396158000346986,181.510613624743,0.004445483257295397,0.10527887144003732,0.263235702619449,1,0.29499269747724494,0.3208603892594507,0.2794510741479718
Fixed-T,Reweighted-Full,Fixed-50ep,8,2,110432,25000,0.1806497112295044,0.3407118055555556,4,0.9096737550000853,22324.48812757155,3.924696082856278e-05,0.7820768847977614,0.6191064663912335,50,0.2633516275913377,0.3364361193747722,0.2846951313990873
Fixed-T,Reweighted-Full,Fixed-200ep,8,2,205356,25000,0.9281766229662778,0.2816840277777778,4,4.736913780000123,116249.5618475141,6.917026727272443e-06,0.24279576311404208,0.23432488984105326,200,0.3226153851684458,0.23860251389929402,0.06632658815533485
Fixed-T,Reweighted-Full,EarlyStopping,8,2,163230,25000,0.16003175143754986,0.3563368055555556,4,0.008808218000240231,216.1642644855755,0.004776414209113245,0.23037646491221472,0.352717500863332,1,0.7726001076990244,0.3639604443517681,0.23919744489443873
Fixed-T,Reweighted-Window,Fixed-50ep,8,2,48912,25000,0.9437300983300063,0.2816840277777778,4,0.6120191389995853,15019.685824003487,3.2296261450414335e-05,0.25725207203617206,0.2697712667600673,50,0.2458559575967673,0.2653497089196194,0.08637938042266424
Fixed-T,Reweighted-Window,Fixed-200ep,8,2,2918,25000,0.17046410197406794,0.3185763888888889,4,2.434738990000369,59751.423383643385,1.0147265839348618e-05,0.27318007131911487,0.32586743504941307,200,0.5514084450186645,0.2825862278003452,0.12173167293617615
Fixed-T,Reweighted-Window,EarlyStopping,8,2,176381,25000,0.9406407461580808,0.2799479166666667,4,0.012376349000078335,303.73049106479374,0.001981702734422234,0.22711930929303023,0.4496488386243644,1,0.6785856591687208,0.28255969199470365,0.08630175250352082
Threshold-delta,Full,Fixed-50ep,8,2,65274,25000,0.30432377496520147,0.3003472222222222,0,0.060302009999986694,1479.8838582666128,0.0,0.18914692433984176,0.033995113536839365,50,0.24498897015423954,0.3062110934165581,0.09358414557692547
Threshold-delta,Full,Fixed-200ep,8,2,28000,25000,0.9754865410150793,0.2764756944444444,3,1.7347261479997087,42572.266246819214,6.508118983419985e-06,0.260005462250422,0.13138736406753052,200,0.24828902026014513,0.2077733754459414,0.08953052047204468
Threshold-delta,Full,EarlyStopping,8,2,105396,25000,0.24205538121374917,0.3515625,3,0.005923233999737931,145.36328697750017,0.003293093041953625,0.9780177950940907,0.06754054868960069,1,0.2986986674911508,0.3482784956431359,0.3159552436843697
Threshold-delta,Window-W,Fixed-50ep,8,2,142134,25000,0.1484453436456616,0.3472222222222222,0,0.06106616300007772,1498.6370920324687,0.0,0.052458025960149174,0.011687513446687574,50,0.38196538528070817,0.2845604014346814,0.19104525836839464
Threshold-delta,Window-W,Fixed-200ep,8,2,217872,25000,0.9618237208477579,0.2795138888888889,0,0.37941137799998614,9311.21158225067,0.0,0.05116235298299052,0.3502497037381198,200,0.3253929969439139,0.2440148708243947,0.06141265010194549
Threshold-delta,Window-W,EarlyStopping,8,2,115950,25000,0.1722353402623354,0.3537326388888889,2,0.00460056099996109,112.90330061659348,0.003386963503218721,0.14702613985611973,0.012070757622343477,1,0.2610079916584567,0.3987300249625135,0.2835119675153171
Threshold-delta,Reweighted-Full,Fixed-50ep,8,2,175404,25000,0.9409696353408517,0.2808159722222222,1,0.1461533250001139,3586.778392622576,9.934460214153287e-06,0.11949765366258859,0.15731479549215555,50,0.6828991280577074,0.2818297389001906,0.08621528847073825
Threshold-delta,Reweighted-Full,Fixed-200ep,8,2,30279,25000,0.954863525196434,0.2786458333333333,2,1.75660403400002,43109.175884572,5.697719468235775e-06,0.23234689471051317,0.03422224226524487,200,0.2435166761153576,0.2143181258380892,0.0915136003620033
Threshold-delta,Reweighted-Full,EarlyStopping,8,2,35792,25000,0.9595791268039753,0.2764756944444444,1,0.0032032439999056805,78.61146070505514,0.0016497705266475286,0.1341074423815815,0.0504613669848737,1,0.25515606845704547,0.22590626123846014,0.0993214850447661
Threshold-delta,Reweighted-Window,Fixed-50ep,8,2,171779,25000,0.9500862496235242,0.2782118055555556,1,0.32214584999996987,7905.846644624916,1.2026718295450603e-05,0.23854354859904633,0.13929956983388989,50,0.7711800786310777,0.2647263063317043,0.08099577334958252
Threshold-delta,Reweighted-Window,Fixed-200ep,8,2,191282,25000,0.9488012105981485,0.2825520833333333,1,0.8227548359998309,20191.393306909882,6.043671070894839e-06,0.3445556289223079,0.05523434933262014,200,0.26642944012257785,0.22934316099576732,0.10357522793224518
Threshold-delta,Reweighted-Window,EarlyStopping,8,2,98670,25000,0.16827766440243166,0.33984375,1,0.003499739000289992,85.88780464658532,0.003252471127980922,0.9813913256145838,0.05099420157484076,1,0.29165749645008965,0.32273446800637745,0.28270831021465603
ADWIN,Full,Fixed-50ep,8,2,41939,25000,0.961189397563846,0.2786458333333333,0,0.07118520599988187,1746.9705787026348,0.0,0.12611344457323298,0.016303188271279422,50,0.24565206136364928,0.23160263638913992,0.10476444048292109
ADWIN,Full,Fixed-200ep,8,2,151684,25000,0.19458795442988228,0.3585069444444444,0,0.2622913029999836,6436.944066598751,0.0,0.22754482375848228,0.008634688154539187,200,0.45852827358861314,0.31599422137983063,0.25442837241683597
ADWIN,Full,EarlyStopping,8,2,75769,25000,0.15674986298640037,0.3541666666666667,0,0.0019339949999448436,47.46256355944593,0.0,0.27078179924672224,0.2726351773937136,1,0.8780270601290536,0.4042632421054421,0.22926401612760838
ADWIN,Window-W,Fixed-50ep,8,2,193209,25000,0.9567106086451248,0.2829861111111111,0,0.06299022500002138,1545.855887824208,0.0,0.3024774423647028,0.03136047756886373,50,0.25819039111317094,0.23288319589171844,0.10398630930080432
ADWIN,Window-W,Fixed-200ep,8,2,36788,25000,0.9655892001829136,0.2769097222222222,0,0.2580493939999542,6332.842517456678,0.0,0.15823707930276773,0.14716213665694847,200,0.2612223550810008,0.23513915251745576,0.10131601609788488
ADWIN,Window-W,EarlyStopping,8,2,118220,25000,0.17799226302642251,0.3532986111111111,0,0.0015634429998954147,38.368771768398176,0.0,0.36344327326576953,0.3496058155593394,1,0.26463779311486946,0.3853115827580478,0.3009505243132644
ADWIN,Reweighted-Full,Fixed-50ep,8,2,204968,25000,0.9351710963034837,0.2803819444444444,0,0.07945047800012617,1949.8102952783713,0.0,0.21186882872263682,0.20459133105772143,50,0.3218593603565119,0.24101195124945995,0.06836008832252032
ADWIN,Reweighted-Full,Fixed-200ep,8,2,63336,25000,0.29488938472263404,0.3003472222222222,0,0.2749891989999469,6748.565707806035,0.0,0.17603467575439413,0.011786479780809206,200,0.22721966304382976,0.2950727569053563,0.09409212003959157
ADWIN,Reweighted-Full,EarlyStopping,8,2,53021,25000,0.3121453614648404,0.2973090277777778,0,0.002700458000163053,66.27248750695246,0.0,0.1549436409054003,0.1051762148574158,1,0.24298152573510157,0.2723564028368262,0.09376671680259545
ADWIN,Reweighted-Window,Fixed-50ep,8,2,74603,25000,0.1522534961582358,0.3546006944444444,0,0.06524809100005768,1601.2666352865806,0.0,0.29047823227165126,0.1074054411697763,50,0.8672828584206366,0.3873087325745504,0.21050208544116694
ADWIN,Reweighted-Window,Fixed-200ep,8,2,34362,25000,0.9598410929749919,0.2747395833333333,0,0.28605205199983175,7020.0614271180375,0.0,0.32422549316121246,0.20631158293697266,200,0.24181087887498393,0.22145319785565015,0.10109755812632984
ADWIN,Reweighted-Window,EarlyStopping,8,2,170572,25000,0.9617013686985513,0.2756076388888889,0,0.0015461259999938193,37.943791761463395,0.0,0.3448239377085319,0.06073288344563959,1,0.7627799421797792,0.26621711667248815,0.0825805376784803
Fixed-T,Full,Fixed-50ep,9,0,104204,25000,0.9405924686727193,0.2921006944444444,4,0.8654268989998855,21238.61706002741,3.3068679612300575e-05,0.29768377735601653,0.3230237392705279,50,0.44693349295145784,0.28515399291787685,0.09346010348196226
Fixed-T,Full,Fixed-200ep,9,0,203594,25000,0.20254368737432293,0.3090277777777778,4,4.105787739999869,100760.96969066377,6.200088273188417e-06,0.3473287146244197,0.1874909325115247,200,0.7794905391416255,0.2902327886228636,0.1979649614385921
Fixed-T,Full,EarlyStopping,9,0,206875,25000,0.21442741067862986,0.3059895833333333,4,0.00995983400048317,244.42630632599608,0.0027824465374842043,0.35625043889082336,0.37336000334840513,1,0.7680533992526483,0.2882286256519759,0.1864865164213905
Fixed-T,Window-W,Fixed-50ep,9,0,185251,25000,0.9966810827841885,0.2764756944444444,4,0.5772684660000778,14166.86250955868,3.058030099462866e-05,0.2365764408260107,0.25330588347148325,50,0.23877901417505287,0.2846992303107101,0.07849401818195505
Fixed-T,Window-W,Fixed-200ep,9,0,132363,25000,0.16241359748860895,0.3190104166666667,4,2.859622869999612,70178.58486049477,1.3804270530177114e-05,0.351438024543327,0.15640356898202207,200,0.2372793697380051,0.32194519246675846,0.20318598143675753
Fixed-T,Window-W,EarlyStopping,9,0,161492,25000,0.17645784200438147,0.3515625,4,0.008093106999922384,198.6145803831798,0.004550154555913614,0.3051647862297604,0.2770207300046688,1,0.24210625501965066,0.451884350634296,0.28615785271457345
Fixed-T,Reweighted-Full,Fixed-50ep,9,0,191952,25000,0.9658409995735032,0.2782118055555556,4,0.899867808999943,22083.83841787451,2.724489445055128e-05,0.28851066245267104,0.22610838864812047,50,0.2555091857022259,0.2538032149497907,0.1013464976285562
Fixed-T,Reweighted-Full,Fixed-200ep,9,0,102047,25000,0.9311756459207247,0.2894965277777778,4,3.76757766899982,92460.88774022319,7.753355169687242e-06,0.3177614855477592,0.22452518065666333,200,0.4559817551935837,0.2881510193828472,0.10121729588927168
Fixed-T,Reweighted-Full,EarlyStopping,9,0,10265,25000,0.16149176222210362,0.3185763888888889,4,0.009702118999712184,238.1016702205954,0.0033849843057950357,0.3478064511126081,0.2727400188803487,1,0.2719740145639904,0.36699656645327866,0.26099404993934977
Fixed-T,Reweighted-Window,Fixed-50ep,9,0,61165,25000,0.9541420183419148,0.2777777777777778,4,0.624069703000032,15315.421159314428,2.7840469559679948e-05,0.3254008775988911,0.14768862887267842,50,0.2776068127218522,0.22869251301024662,0.08461363294850976
Fixed-T,Reweighted-Window,Fixed-200ep,9,0,82843,25000,0.2153790541857064,0.3689236111111111,4,2.4434078449999106,59964.16751246228,1.5255637392078935e-05,0.3145624425532729,0.33182814690211426,200,0.28846818093361126,0.367723123125632,0.279609091901742
Fixed-T,Reweighted-Window,EarlyStopping,9,0,177616,25000,0.1650921905377347,0.3524305555555556,4,0.008642457999940234,212.09631469766148,0.004807182620414794,0.2679518081373406,0.42085498139211414,1,0.26415011095511326,0.34022914644816316,0.17841946233256556
Threshold-delta,Full,Fixed-50ep,9,0,203290,25000,0.20768673148230382,0.30859375,2,0.5710422569998173,14014.06385164194,1.3053439316169182e-05,0.29595336560907515,0.1760339330803621,50,0.7795614990142735,0.29171259076955425,0.18700631457672776
Threshold-delta,Full,Fixed-200ep,9,0,150141,25000,0.20510481402767605,0.3068576388888889,1,0.6101287310000316,14973.292937861248,4.359180231872085e-06,0.29722287225936617,0.17277783490057488,200,0.2288392686446919,0.28744394684463126,0.10524437120899036
Threshold-delta,Full,EarlyStopping,9,0,155131,25000,0.16002589473377685,0.3524305555555556,2,0.005190578999645368,127.3830520182418,0.0018776014123383857,0.3123041163327379,0.23938895127497162,1,0.22207234030251377,0.41897109334045646,0.27183150690541186
Threshold-delta,Window-W,Fixed-50ep,9,0,154355,25000,0.16387963163200522,0.3515625,1,0.16554808399996546,4062.749107012656,1.5985405733633004e-05,0.2948089091775393,0.29827240178743053,50,0.2295901564748197,0.3974520591982673,0.23815393680232136
Threshold-delta,Window-W,Fixed-200ep,9,0,97400,25000,0.9567591317961804,0.2860243055555556,2,1.31627265599991,32302.91422611649,8.222835876231934e-06,0.3323381201432234,0.07531170205246424,200,0.49040021899831515,0.286152722379433,0.09915360450065189
Threshold-delta,Window-W,EarlyStopping,9,0,63562,25000,0.975457663766926,0.2764756944444444,0,0.0022388810000393278,54.944832726782145,0.0,0.0733827855832452,0.009505031947940244,1,0.25848282115264903,0.22365384217673928,0.08742726531324911
Threshold-delta,Reweighted-Full,Fixed-50ep,9,0,58722,25000,0.9433820326608575,0.2777777777777778,3,0.41218142899992927,10115.428050481167,2.158038485970481e-05,0.3244750355954638,0.09153636229681286,50,0.2784276263878646,0.2503958940741287,0.09511597523430179
Threshold-delta,Reweighted-Full,Fixed-200ep,9,0,200594,25000,0.21968617910450614,0.3094618055555556,1,1.2200801129999945,29942.233517940702,4.0404976057198545e-06,0.24950388191113207,0.11882588381390786,200,0.516788151960229,0.262371017270185,0.19427537652622973
Threshold-delta,Reweighted-Full,EarlyStopping,9,0,5954,25000,0.16834875189417475,0.3229166666666667,2,0.004827387999966959,118.46990803030657,0.0018569906236489985,0.3666762199171108,0.1764733605432688,1,0.2759452380625103,0.3905936513228326,0.24812706880440083
Threshold-delta,Reweighted-Window,Fixed-50ep,9,0,295,25000,0.1695343197860287,0.3237847222222222,0,0.06593196699986947,1618.0497749062654,0.0,0.19217770825850863,0.1385691925530419,50,0.24810826206663955,0.407116084490982,0.240412239506309
Threshold-delta,Reweighted-Window,Fixed-200ep,9,0,154884,25000,0.16063913435849903,0.3519965277777778,2,1.4782662729999174,36278.432437542404,6.257393738770708e-06,0.28306217156400915,0.09606430531300429,200,0.22336137045969434,0.4130259621469509,0.25785054269311053
Threshold-delta,Reweighted-Window,EarlyStopping,9,0,46866,25000,0.9379889282637829,0.2777777777777778,0,0.0016032579999318841,39.34587975983774,0.0,0.11001141604941868,0.06962760560636891,1,0.27123479876950984,0.22792702799802508,0.0986309912012958
ADWIN,Full,Fixed-50ep,9,0,176622,25000,0.16488165356640802,0.3528645833333333,0,0.06737239700009923,1653.3996596995494,0.0,0.9929160134355225,0.01885392672743959,50,0.25632864030437247,0.3707495573427753,0.206740712640534
ADWIN,Full,Fixed-200ep,9,0,131518,25000,0.1660671983923417,0.3172743055555556,0,0.2550670519999585,6259.652257536235,0.0,0.07139927636198923,0.012009223052909662,200,0.24432410422004147,0.31940983689685687,0.20653553727047305
ADWIN,Full,EarlyStopping,9,0,190843,25000,0.9920635075214714,0.2760416666666667,0,0.001481654000144772,36.361571336525756,0.0,0.3462654512789131,0.040007431379489825,1,0.26115130102798056,0.2615660261426228,0.09566552922331499
ADWIN,Window-W,Fixed-50ep,9,0,63589,25000,0.9754292736288143,0.2764756944444444,0,0.08302429900004427,2037.5161613036366,0.0,0.07279305640102572,0.00501809606751866,50,0.2580995430421982,0.22397864684875887,0.08833927660374982
ADWIN,Window-W,Fixed-200ep,9,0,284,25000,0.176143309168466,0.3237847222222222,0,0.26193319200001497,6428.155591914054,0.0,0.18912703247699503,0.13381983115372753,200,0.24836736803192216,0.40707138933075415,0.2410750403632347
ADWIN,Window-W,EarlyStopping,9,0,153049,25000,0.1390411998265697,0.3394097222222222,0,0.001550282999914998,38.04580953967957,0.0,0.12599350193180522,0.46039395562300084,1,0.22855207787485432,0.35818535147009556,0.21253735300148777
ADWIN,Reweighted-Full,Fixed-50ep,9,0,150356,25000,0.17796407500063238,0.3168402777777778,0,0.07509106099996643,1842.8249584713415,0.0,0.3221920943399604,0.4165075139066775,50,0.22876166288936267,0.29837628623142265,0.12091780102736062
ADWIN,Reweighted-Full,Fixed-200ep,9,0,24960,25000,0.971593282054311,0.2777777777777778,0,0.28128360599998814,6903.038026667769,0.0,0.26607684298580747,0.38472257388179154,200,0.2573109321019058,0.23746171182609674,0.0827665109474013
ADWIN,Reweighted-Full,EarlyStopping,9,0,73382,25000,0.23344056284087375,0.3645833333333333,0,0.002593855999975858,63.65634619862793,0.0,0.25757316251151596,0.09995272634889443,1,0.260886581067438,0.34464516038520726,0.28470958437622756
ADWIN,Reweighted-Window,Fixed-50ep,9,0,73279,25000,0.22642649605425325,0.3654513888888889,0,0.10214117499981512,2506.667292626648,0.0,0.292707710736804,0.08179478149267512,50,0.25915092579893967,0.3439762165088488,0.28295373864790624
ADWIN,Reweighted-Window,Fixed-200ep,9,0,45488,25000,0.9350805102102572,0.2786458333333333,0,0.2732877239998288,6706.809464723599,0.0,0.2765125362427658,0.036067280230780104,200,0.28018651129921446,0.22281090096304085,0.10300212919265259
ADWIN,Reweighted-Window,EarlyStopping,9,0,105791,25000,0.9308985228670227,0.2877604166666667,0,0.0015316939998228918,37.58961311807387,0.0,0.24573951886279932,0.044757509551585764,1,0.4342759231728746,0.28367354737643097,0.09169375726020039
